역명,month,점포수_공유오피스,점포수_무인프린트,점포수_밀키트,점포수_사무실,점포수_식음료,점포수_의약업,점포수_패션잡화,점포수_편의점,점포수_플라워,점포수_화상면접,점포수_화장품,meanshift_label
가락시장역,1,0.0,0.0,0.0,0.0,2.0,0.0,1.0,1.0,0.0,0.0,0.0,0
가락시장역,1,0.0,0.0,0.0,0.0,2.0,0.0,1.0,1.0,0.0,0.0,0.0,0
강남구청역,1,0.0,0.0,0.0,0.0,0.0,2.0,5.0,1.0,1.0,0.0,0.0,0
강남구청역,1,0.0,0.0,0.0,0.0,0.0,2.0,5.0,1.0,1.0,0.0,0.0,0
강동구청역,1,0.0,0.0,0.0,0.0,1.0,0.0,1.0,1.0,0.0,0.0,0.0,0
강동구청역,1,0.0,0.0,0.0,0.0,1.0,0.0,1.0,1.0,0.0,0.0,0.0,0
건대입구역,1,0.0,0.0,0.0,0.0,6.0,2.0,1.0,2.0,3.0,0.0,0.0,9
건대입구역,1,0.0,0.0,0.0,0.0,6.0,2.0,1.0,2.0,3.0,0.0,0.0,9
공덕역,1,6.0,1.0,0.0,0.0,5.0,0.0,11.0,2.0,4.0,0.0,1.0,14
공덕역,1,6.0,1.0,0.0,0.0,5.0,0.0,11.0,2.0,4.0,0.0,1.0,14
광흥창역,1,0.0,0.0,0.0,0.0,0.0,0.0,0.0,1.0,0.0,0.0,0.0,0
광흥창역,1,0.0,0.0,0.0,0.0,0.0,0.0,0.0,1.0,0.0,0.0,0.0,0
교대역,1,0.0,0.0,0.0,5.0,3.0,0.0,3.0,1.0,2.0,0.0,0.0,6
교대역,1,0.0,0.0,0.0,5.0,3.0,0.0,3.0,1.0,2.0,0.0,0.0,6
구산역,1,0.0,0.0,1.0,0.0,0.0,0.0,0.0,1.0,0.0,0.0,0.0,2
구산역,1,0.0,0.0,1.0,0.0,0.0,0.0,0.0,1.0,0.0,0.0,0.0,2
군자역,1,0.0,0.0,0.0,0.0,2.0,0.0,6.0,1.0,1.0,0.0,1.0,0
군자역,1,0.0,0.0,0.0,0.0,2.0,0.0,6.0,1.0,1.0,0.0,1.0,0
굽은다리역,1,0.0,0.0,0.0,0.0,1.0,0.0,1.0,1.0,0.0,0.0,0.0,0
굽은다리역,1,0.0,0.0,0.0,0.0,1.0,0.0,1.0,1.0,0.0,0.0,0.0,0
남구로역,1,0.0,0.0,0.0,0.0,0.0,0.0,1.0,1.0,0.0,0.0,0.0,0
남구로역,1,0.0,0.0,0.0,0.0,0.0,0.0,1.0,1.0,0.0,0.0,0.0,0
노원역,1,0.0,0.0,0.0,2.0,6.0,0.0,12.0,1.0,0.0,0.0,0.0,3
노원역,1,0.0,0.0,0.0,2.0,6.0,0.0,12.0,1.0,0.0,0.0,0.0,3
논현역,1,0.0,0.0,0.0,0.0,2.0,2.0,4.0,1.0,0.0,0.0,1.0,0
논현역,1,0.0,0.0,0.0,0.0,2.0,2.0,4.0,1.0,0.0,0.0,1.0,0
단대오거리역,1,0.0,0.0,1.0,0.0,0.0,0.0,1.0,1.0,0.0,0.0,0.0,2
단대오거리역,1,0.0,0.0,1.0,0.0,0.0,0.0,1.0,1.0,0.0,0.0,0.0,2
당고개역,1,0.0,0.0,1.0,0.0,2.0,0.0,0.0,0.0,0.0,0.0,0.0,2
당고개역,1,0.0,0.0,1.0,0.0,2.0,0.0,0.0,0.0,0.0,0.0,0.0,2
당산역,1,0.0,0.0,0.0,0.0,3.0,0.0,1.0,0.0,0.0,0.0,0.0,0
당산역,1,0.0,0.0,0.0,0.0,3.0,0.0,1.0,0.0,0.0,0.0,0.0,0
대림역,1,0.0,0.0,0.0,0.0,5.0,0.0,8.0,2.0,2.0,0.0,1.0,3
대림역,1,0.0,0.0,0.0,0.0,5.0,0.0,8.0,2.0,2.0,0.0,1.0,3
대흥역,1,0.0,0.0,0.0,0.0,0.0,0.0,1.0,1.0,0.0,0.0,0.0,0
대흥역,1,0.0,0.0,0.0,0.0,0.0,0.0,1.0,1.0,0.0,0.0,0.0,0
독바위역,1,0.0,0.0,0.0,0.0,0.0,0.0,0.0,1.0,0.0,0.0,0.0,0
독바위역,1,0.0,0.0,0.0,0.0,0.0,0.0,0.0,1.0,0.0,0.0,0.0,0
동대문역,1,0.0,0.0,0.0,0.0,2.0,0.0,8.0,0.0,0.0,0.0,0.0,0
동대문역,1,0.0,0.0,0.0,0.0,2.0,0.0,8.0,0.0,0.0,0.0,0.0,0
동대입구역,1,0.0,0.0,0.0,1.0,2.0,0.0,0.0,1.0,0.0,0.0,0.0,0
동대입구역,1,0.0,0.0,0.0,1.0,2.0,0.0,0.0,1.0,0.0,0.0,0.0,0
동묘앞역,1,0.0,0.0,0.0,0.0,1.0,0.0,0.0,1.0,0.0,0.0,1.0,0
동묘앞역,1,0.0,0.0,0.0,0.0,1.0,0.0,0.0,1.0,0.0,0.0,1.0,0
디지털미디어시티역,1,0.0,0.0,0.0,0.0,1.0,2.0,1.0,1.0,0.0,0.0,1.0,0
디지털미디어시티역,1,0.0,0.0,0.0,0.0,1.0,2.0,1.0,1.0,0.0,0.0,1.0,0
뚝섬역,1,0.0,0.0,0.0,0.0,2.0,0.0,1.0,0.0,1.0,0.0,0.0,0
뚝섬역,1,0.0,0.0,0.0,0.0,2.0,0.0,1.0,0.0,1.0,0.0,0.0,0
마들역,1,1.0,1.0,0.0,0.0,1.0,0.0,2.0,1.0,1.0,0.0,0.0,1
마들역,1,1.0,1.0,0.0,0.0,1.0,0.0,2.0,1.0,1.0,0.0,0.0,1
마포구청역,1,0.0,0.0,0.0,1.0,0.0,0.0,1.0,1.0,0.0,0.0,1.0,0
마포구청역,1,0.0,0.0,0.0,1.0,0.0,0.0,1.0,1.0,0.0,0.0,1.0,0
면목역,1,0.0,0.0,1.0,0.0,1.0,2.0,6.0,1.0,0.0,0.0,0.0,5
면목역,1,0.0,0.0,1.0,0.0,1.0,2.0,6.0,1.0,0.0,0.0,0.0,5
미아사거리역,1,0.0,0.0,0.0,0.0,2.0,1.0,12.0,0.0,0.0,0.0,0.0,8
미아사거리역,1,0.0,0.0,0.0,0.0,2.0,1.0,12.0,0.0,0.0,0.0,0.0,8
미아역,1,0.0,0.0,0.0,0.0,0.0,0.0,0.0,1.0,0.0,0.0,0.0,0
미아역,1,0.0,0.0,0.0,0.0,0.0,0.0,0.0,1.0,0.0,0.0,0.0,0
불광역,1,0.0,1.0,0.0,0.0,1.0,0.0,3.0,1.0,0.0,0.0,1.0,1
불광역,1,0.0,1.0,0.0,0.0,1.0,0.0,3.0,1.0,0.0,0.0,1.0,1
사가정역,1,0.0,0.0,0.0,1.0,1.0,0.0,3.0,1.0,1.0,0.0,0.0,0
사가정역,1,0.0,0.0,0.0,1.0,1.0,0.0,3.0,1.0,1.0,0.0,0.0,0
사당역,1,0.0,0.0,0.0,0.0,8.0,1.0,15.0,0.0,1.0,0.0,1.0,8
사당역,1,0.0,0.0,0.0,0.0,8.0,1.0,15.0,0.0,1.0,0.0,1.0,8
상계역,1,0.0,0.0,0.0,0.0,1.0,0.0,6.0,0.0,0.0,0.0,0.0,0
상계역,1,0.0,0.0,0.0,0.0,1.0,0.0,6.0,0.0,0.0,0.0,0.0,0
상봉역,1,0.0,0.0,0.0,0.0,0.0,0.0,3.0,1.0,1.0,0.0,0.0,0
상봉역,1,0.0,0.0,0.0,0.0,0.0,0.0,3.0,1.0,1.0,0.0,0.0,0
상수역,1,0.0,0.0,1.0,0.0,0.0,0.0,0.0,1.0,1.0,0.0,1.0,2
상수역,1,0.0,0.0,1.0,0.0,0.0,0.0,0.0,1.0,1.0,0.0,1.0,2
서대문역,1,0.0,2.0,0.0,0.0,1.0,0.0,0.0,2.0,1.0,0.0,0.0,11
서대문역,1,0.0,2.0,0.0,0.0,1.0,0.0,0.0,2.0,1.0,0.0,0.0,11
서초역,1,0.0,0.0,0.0,0.0,2.0,1.0,3.0,1.0,0.0,0.0,0.0,0
서초역,1,0.0,0.0,0.0,0.0,2.0,1.0,3.0,1.0,0.0,0.0,0.0,0
석계역,1,0.0,0.0,0.0,0.0,1.0,0.0,1.0,1.0,0.0,0.0,0.0,0
석계역,1,0.0,0.0,0.0,0.0,1.0,0.0,1.0,1.0,0.0,0.0,0.0,0
송정역,1,0.0,0.0,0.0,0.0,1.0,0.0,2.0,1.0,0.0,0.0,0.0,0
송정역,1,0.0,0.0,0.0,0.0,1.0,0.0,2.0,1.0,0.0,0.0,0.0,0
수락산역,1,0.0,0.0,0.0,1.0,0.0,0.0,1.0,1.0,0.0,0.0,0.0,0
수락산역,1,0.0,0.0,0.0,1.0,0.0,0.0,1.0,1.0,0.0,0.0,0.0,0
숙대입구역,1,0.0,0.0,0.0,0.0,1.0,0.0,0.0,0.0,0.0,0.0,0.0,0
숙대입구역,1,0.0,0.0,0.0,0.0,1.0,0.0,0.0,0.0,0.0,0.0,0.0,0
숭실대입구역,1,0.0,0.0,0.0,0.0,1.0,0.0,2.0,1.0,0.0,0.0,1.0,0
숭실대입구역,1,0.0,0.0,0.0,0.0,1.0,0.0,2.0,1.0,0.0,0.0,1.0,0
신길역,1,0.0,0.0,0.0,0.0,0.0,0.0,1.0,0.0,1.0,0.0,0.0,0
신길역,1,0.0,0.0,0.0,0.0,0.0,0.0,1.0,0.0,1.0,0.0,0.0,0
신당역,1,0.0,1.0,0.0,0.0,2.0,0.0,2.0,1.0,1.0,0.0,0.0,1
신당역,1,0.0,1.0,0.0,0.0,2.0,0.0,2.0,1.0,1.0,0.0,0.0,1
신대방삼거리역,1,0.0,1.0,1.0,0.0,0.0,0.0,3.0,1.0,0.0,0.0,1.0,4
신대방삼거리역,1,0.0,1.0,1.0,0.0,0.0,0.0,3.0,1.0,0.0,0.0,1.0,4
신림역,1,0.0,0.0,0.0,0.0,2.0,0.0,1.0,0.0,1.0,0.0,0.0,0
신림역,1,0.0,0.0,0.0,0.0,2.0,0.0,1.0,0.0,1.0,0.0,0.0,0
신용산역,1,0.0,0.0,0.0,0.0,2.0,0.0,2.0,0.0,2.0,0.0,0.0,0
신용산역,1,0.0,0.0,0.0,0.0,2.0,0.0,2.0,0.0,2.0,0.0,0.0,0
신정역,1,0.0,0.0,0.0,0.0,0.0,0.0,0.0,1.0,0.0,0.0,0.0,0
신정역,1,0.0,0.0,0.0,0.0,0.0,0.0,0.0,1.0,0.0,0.0,0.0,0
신촌역,1,0.0,0.0,0.0,0.0,2.0,1.0,1.0,1.0,1.0,0.0,1.0,0
신촌역,1,0.0,0.0,0.0,0.0,2.0,1.0,1.0,1.0,1.0,0.0,1.0,0
신풍역,1,0.0,0.0,0.0,0.0,0.0,0.0,1.0,1.0,0.0,0.0,0.0,0
신풍역,1,0.0,0.0,0.0,0.0,0.0,0.0,1.0,1.0,0.0,0.0,0.0,0
아차산역,1,0.0,0.0,0.0,0.0,2.0,0.0,2.0,1.0,0.0,0.0,0.0,0
아차산역,1,0.0,0.0,0.0,0.0,2.0,0.0,2.0,1.0,0.0,0.0,0.0,0
어린이대공원역,1,0.0,0.0,0.0,0.0,0.0,0.0,0.0,1.0,0.0,0.0,0.0,0
어린이대공원역,1,0.0,0.0,0.0,0.0,0.0,0.0,0.0,1.0,0.0,0.0,0.0,0
여의도역,1,0.0,0.0,0.0,0.0,1.0,0.0,0.0,1.0,1.0,0.0,0.0,0
여의도역,1,0.0,0.0,0.0,0.0,1.0,0.0,0.0,1.0,1.0,0.0,0.0,0
역촌역,1,0.0,0.0,0.0,0.0,0.0,0.0,0.0,1.0,0.0,0.0,0.0,0
역촌역,1,0.0,0.0,0.0,0.0,0.0,0.0,0.0,1.0,0.0,0.0,0.0,0
영등포구청역,1,1.0,0.0,0.0,0.0,6.0,0.0,1.0,1.0,0.0,0.0,0.0,0
영등포구청역,1,1.0,0.0,0.0,0.0,6.0,0.0,1.0,1.0,0.0,0.0,0.0,0
오목교역,1,0.0,0.0,0.0,0.0,11.0,0.0,9.0,1.0,1.0,0.0,0.0,7
오목교역,1,0.0,0.0,0.0,0.0,11.0,0.0,9.0,1.0,1.0,0.0,0.0,7
왕십리역,1,1.0,0.0,0.0,1.0,4.0,0.0,7.0,1.0,1.0,0.0,1.0,3
왕십리역,1,1.0,0.0,0.0,1.0,4.0,0.0,7.0,1.0,1.0,0.0,1.0,3
용마산역,1,0.0,0.0,0.0,0.0,0.0,0.0,0.0,1.0,0.0,0.0,1.0,0
용마산역,1,0.0,0.0,0.0,0.0,0.0,0.0,0.0,1.0,0.0,0.0,1.0,0
월곡역,1,0.0,0.0,0.0,0.0,2.0,0.0,1.0,1.0,0.0,0.0,1.0,0
월곡역,1,0.0,0.0,0.0,0.0,2.0,0.0,1.0,1.0,0.0,0.0,1.0,0
을지로3가역,1,0.0,0.0,0.0,0.0,3.0,0.0,4.0,0.0,2.0,0.0,0.0,0
을지로3가역,1,0.0,0.0,0.0,0.0,3.0,0.0,4.0,0.0,2.0,0.0,0.0,0
을지로4가역,1,0.0,0.0,0.0,2.0,2.0,0.0,5.0,1.0,0.0,0.0,0.0,0
을지로4가역,1,0.0,0.0,0.0,2.0,2.0,0.0,5.0,1.0,0.0,0.0,0.0,0
을지로입구역,1,0.0,0.0,0.0,0.0,4.0,1.0,3.0,1.0,1.0,0.0,0.0,0
을지로입구역,1,0.0,0.0,0.0,0.0,4.0,1.0,3.0,1.0,1.0,0.0,0.0,0
이수역,1,0.0,0.0,0.0,1.0,1.0,0.0,3.0,1.0,1.0,0.0,0.0,0
이수역,1,0.0,0.0,0.0,1.0,1.0,0.0,3.0,1.0,1.0,0.0,0.0,0
일원역,1,0.0,0.0,0.0,1.0,0.0,2.0,0.0,1.0,0.0,0.0,0.0,0
일원역,1,0.0,0.0,0.0,1.0,0.0,2.0,0.0,1.0,0.0,0.0,0.0,0
잠실새내역,1,0.0,0.0,0.0,0.0,0.0,0.0,1.0,1.0,0.0,0.0,0.0,0
잠실새내역,1,0.0,0.0,0.0,0.0,0.0,0.0,1.0,1.0,0.0,0.0,0.0,0
장지역,1,0.0,0.0,0.0,0.0,1.0,0.0,0.0,1.0,1.0,0.0,0.0,0
장지역,1,0.0,0.0,0.0,0.0,1.0,0.0,0.0,1.0,1.0,0.0,0.0,0
종각역,1,0.0,0.0,0.0,0.0,2.0,1.0,1.0,1.0,2.0,0.0,0.0,0
종각역,1,0.0,0.0,0.0,0.0,2.0,1.0,1.0,1.0,2.0,0.0,0.0,0
종로3가역,1,0.0,0.0,0.0,0.0,5.0,2.0,1.0,1.0,1.0,0.0,0.0,0
종로3가역,1,0.0,0.0,0.0,0.0,5.0,2.0,1.0,1.0,1.0,0.0,0.0,0
종합운동장역,1,0.0,0.0,0.0,0.0,1.0,0.0,0.0,2.0,0.0,0.0,0.0,0
종합운동장역,1,0.0,0.0,0.0,0.0,1.0,0.0,0.0,2.0,0.0,0.0,0.0,0
중화역,1,0.0,1.0,0.0,0.0,1.0,0.0,5.0,1.0,0.0,0.0,0.0,1
중화역,1,0.0,1.0,0.0,0.0,1.0,0.0,5.0,1.0,0.0,0.0,0.0,1
증산역,1,0.0,0.0,0.0,0.0,0.0,0.0,1.0,1.0,0.0,0.0,1.0,0
증산역,1,0.0,0.0,0.0,0.0,0.0,0.0,1.0,1.0,0.0,0.0,1.0,0
창동역,1,0.0,0.0,0.0,0.0,0.0,0.0,2.0,0.0,0.0,0.0,0.0,0
창동역,1,0.0,0.0,0.0,0.0,0.0,0.0,2.0,0.0,0.0,0.0,0.0,0
청담역,1,0.0,0.0,0.0,0.0,1.0,0.0,2.0,1.0,1.0,0.0,2.0,0
청담역,1,0.0,0.0,0.0,0.0,1.0,0.0,2.0,1.0,1.0,0.0,2.0,0
총신대입구역,1,0.0,1.0,0.0,1.0,4.0,0.0,5.0,0.0,0.0,0.0,1.0,1
총신대입구역,1,0.0,1.0,0.0,1.0,4.0,0.0,5.0,0.0,0.0,0.0,1.0,1
충무로역,1,0.0,0.0,0.0,1.0,1.0,0.0,0.0,2.0,1.0,0.0,1.0,0
충무로역,1,0.0,0.0,0.0,1.0,1.0,0.0,0.0,2.0,1.0,0.0,1.0,0
충정로역,1,0.0,1.0,0.0,1.0,1.0,0.0,2.0,1.0,0.0,0.0,1.0,1
충정로역,1,0.0,1.0,0.0,1.0,1.0,0.0,2.0,1.0,0.0,0.0,1.0,1
태릉입구역,1,0.0,1.0,0.0,0.0,1.0,0.0,8.0,1.0,1.0,0.0,1.0,1
태릉입구역,1,0.0,1.0,0.0,0.0,1.0,0.0,8.0,1.0,1.0,0.0,1.0,1
학동역,1,0.0,0.0,0.0,0.0,4.0,2.0,2.0,1.0,0.0,0.0,0.0,0
학동역,1,0.0,0.0,0.0,0.0,4.0,2.0,2.0,1.0,0.0,0.0,0.0,0
한강진역,1,0.0,0.0,0.0,0.0,1.0,0.0,0.0,1.0,0.0,0.0,1.0,0
한강진역,1,0.0,0.0,0.0,0.0,1.0,0.0,0.0,1.0,0.0,0.0,1.0,0
합정역,1,0.0,1.0,0.0,0.0,6.0,4.0,10.0,2.0,3.0,0.0,2.0,10
합정역,1,0.0,1.0,0.0,0.0,6.0,4.0,10.0,2.0,3.0,0.0,2.0,10
행당역,1,0.0,0.0,0.0,0.0,1.0,0.0,0.0,1.0,1.0,0.0,0.0,0
행당역,1,0.0,0.0,0.0,0.0,1.0,0.0,0.0,1.0,1.0,0.0,0.0,0
홍제역,1,0.0,0.0,0.0,0.0,1.0,0.0,1.0,0.0,0.0,0.0,0.0,0
홍제역,1,0.0,0.0,0.0,0.0,1.0,0.0,1.0,0.0,0.0,0.0,0.0,0
회현역,1,0.0,0.0,0.0,0.0,0.0,0.0,2.0,0.0,0.0,0.0,0.0,0
회현역,1,0.0,0.0,0.0,0.0,0.0,0.0,2.0,0.0,0.0,0.0,0.0,0
효창공원앞역,1,0.0,0.0,0.0,0.0,1.0,0.0,0.0,1.0,0.0,0.0,1.0,0
효창공원앞역,1,0.0,0.0,0.0,0.0,1.0,0.0,0.0,1.0,0.0,0.0,1.0,0
가락시장역,2,0.0,0.0,0.0,0.0,2.0,0.0,1.0,1.0,0.0,0.0,0.0,0
가락시장역,2,0.0,0.0,0.0,0.0,2.0,0.0,1.0,1.0,0.0,0.0,0.0,0
강남구청역,2,0.0,0.0,0.0,0.0,0.0,2.0,4.0,1.0,1.0,0.0,0.0,0
강남구청역,2,0.0,0.0,0.0,0.0,0.0,2.0,4.0,1.0,1.0,0.0,0.0,0
강동구청역,2,0.0,0.0,0.0,0.0,1.0,0.0,1.0,1.0,0.0,0.0,0.0,0
강동구청역,2,0.0,0.0,0.0,0.0,1.0,0.0,1.0,1.0,0.0,0.0,0.0,0
건대입구역,2,0.0,0.0,0.0,0.0,6.0,2.0,1.0,2.0,3.0,0.0,0.0,9
건대입구역,2,0.0,0.0,0.0,0.0,6.0,2.0,1.0,2.0,3.0,0.0,0.0,9
공덕역,2,6.0,1.0,0.0,0.0,5.0,0.0,11.0,2.0,4.0,0.0,1.0,14
공덕역,2,6.0,1.0,0.0,0.0,5.0,0.0,11.0,2.0,4.0,0.0,1.0,14
광화문역,2,0.0,0.0,0.0,0.0,0.0,0.0,1.0,1.0,0.0,0.0,0.0,0
광화문역,2,0.0,0.0,0.0,0.0,0.0,0.0,1.0,1.0,0.0,0.0,0.0,0
광흥창역,2,0.0,0.0,0.0,0.0,0.0,0.0,0.0,1.0,0.0,0.0,0.0,0
광흥창역,2,0.0,0.0,0.0,0.0,0.0,0.0,0.0,1.0,0.0,0.0,0.0,0
교대역,2,0.0,0.0,0.0,5.0,4.0,0.0,3.0,1.0,2.0,0.0,0.0,6
교대역,2,0.0,0.0,0.0,5.0,4.0,0.0,3.0,1.0,2.0,0.0,0.0,6
구산역,2,0.0,0.0,1.0,0.0,0.0,0.0,0.0,1.0,0.0,0.0,0.0,2
구산역,2,0.0,0.0,1.0,0.0,0.0,0.0,0.0,1.0,0.0,0.0,0.0,2
군자역,2,0.0,0.0,0.0,0.0,2.0,0.0,6.0,1.0,1.0,0.0,1.0,0
군자역,2,0.0,0.0,0.0,0.0,2.0,0.0,6.0,1.0,1.0,0.0,1.0,0
굽은다리역,2,0.0,0.0,0.0,0.0,1.0,0.0,1.0,1.0,0.0,0.0,0.0,0
굽은다리역,2,0.0,0.0,0.0,0.0,1.0,0.0,1.0,1.0,0.0,0.0,0.0,0
남구로역,2,0.0,0.0,0.0,0.0,0.0,0.0,1.0,1.0,0.0,0.0,0.0,0
남구로역,2,0.0,0.0,0.0,0.0,0.0,0.0,1.0,1.0,0.0,0.0,0.0,0
노원역,2,0.0,0.0,0.0,2.0,6.0,0.0,12.0,1.0,0.0,0.0,0.0,3
노원역,2,0.0,0.0,0.0,2.0,6.0,0.0,12.0,1.0,0.0,0.0,0.0,3
논현역,2,0.0,0.0,0.0,0.0,3.0,2.0,4.0,1.0,0.0,0.0,1.0,0
논현역,2,0.0,0.0,0.0,0.0,3.0,2.0,4.0,1.0,0.0,0.0,1.0,0
단대오거리역,2,0.0,0.0,0.0,0.0,0.0,0.0,1.0,1.0,0.0,0.0,0.0,0
단대오거리역,2,0.0,0.0,0.0,0.0,0.0,0.0,1.0,1.0,0.0,0.0,0.0,0
당고개역,2,0.0,0.0,1.0,0.0,2.0,0.0,0.0,0.0,0.0,0.0,0.0,2
당고개역,2,0.0,0.0,1.0,0.0,2.0,0.0,0.0,0.0,0.0,0.0,0.0,2
당산역,2,0.0,0.0,0.0,0.0,3.0,0.0,0.0,0.0,0.0,0.0,0.0,0
당산역,2,0.0,0.0,0.0,0.0,3.0,0.0,0.0,0.0,0.0,0.0,0.0,0
대림역,2,0.0,0.0,0.0,0.0,5.0,0.0,8.0,2.0,2.0,0.0,1.0,3
대림역,2,0.0,0.0,0.0,0.0,5.0,0.0,8.0,2.0,2.0,0.0,1.0,3
대청역,2,0.0,0.0,0.0,0.0,1.0,0.0,0.0,0.0,0.0,0.0,0.0,0
대청역,2,0.0,0.0,0.0,0.0,1.0,0.0,0.0,0.0,0.0,0.0,0.0,0
대흥역,2,0.0,0.0,0.0,0.0,0.0,0.0,1.0,1.0,0.0,0.0,0.0,0
대흥역,2,0.0,0.0,0.0,0.0,0.0,0.0,1.0,1.0,0.0,0.0,0.0,0
독바위역,2,0.0,0.0,0.0,0.0,0.0,0.0,0.0,1.0,0.0,0.0,0.0,0
독바위역,2,0.0,0.0,0.0,0.0,0.0,0.0,0.0,1.0,0.0,0.0,0.0,0
동대문역,2,0.0,0.0,0.0,0.0,3.0,0.0,7.0,0.0,0.0,0.0,0.0,0
동대문역,2,0.0,0.0,0.0,0.0,3.0,0.0,7.0,0.0,0.0,0.0,0.0,0
동대입구역,2,0.0,0.0,0.0,1.0,2.0,0.0,0.0,1.0,0.0,0.0,0.0,0
동대입구역,2,0.0,0.0,0.0,1.0,2.0,0.0,0.0,1.0,0.0,0.0,0.0,0
동묘앞역,2,0.0,0.0,0.0,0.0,1.0,0.0,0.0,1.0,0.0,0.0,1.0,0
동묘앞역,2,0.0,0.0,0.0,0.0,1.0,0.0,0.0,1.0,0.0,0.0,1.0,0
디지털미디어시티역,2,0.0,0.0,0.0,0.0,1.0,2.0,1.0,1.0,0.0,0.0,1.0,0
디지털미디어시티역,2,0.0,0.0,0.0,0.0,1.0,2.0,1.0,1.0,0.0,0.0,1.0,0
마들역,2,1.0,1.0,0.0,0.0,1.0,0.0,3.0,1.0,1.0,0.0,0.0,1
마들역,2,1.0,1.0,0.0,0.0,1.0,0.0,3.0,1.0,1.0,0.0,0.0,1
마포구청역,2,0.0,0.0,0.0,1.0,0.0,0.0,1.0,1.0,0.0,0.0,1.0,0
마포구청역,2,0.0,0.0,0.0,1.0,0.0,0.0,1.0,1.0,0.0,0.0,1.0,0
면목역,2,0.0,0.0,1.0,0.0,1.0,2.0,6.0,1.0,0.0,0.0,0.0,5
면목역,2,0.0,0.0,1.0,0.0,1.0,2.0,6.0,1.0,0.0,0.0,0.0,5
미아사거리역,2,0.0,0.0,0.0,0.0,3.0,1.0,11.0,0.0,0.0,0.0,0.0,8
미아사거리역,2,0.0,0.0,0.0,0.0,3.0,1.0,11.0,0.0,0.0,0.0,0.0,8
미아역,2,0.0,0.0,0.0,0.0,0.0,0.0,0.0,1.0,0.0,0.0,0.0,0
미아역,2,0.0,0.0,0.0,0.0,0.0,0.0,0.0,1.0,0.0,0.0,0.0,0
봉화산역,2,0.0,0.0,0.0,0.0,0.0,0.0,0.0,1.0,0.0,0.0,0.0,0
봉화산역,2,0.0,0.0,0.0,0.0,0.0,0.0,0.0,1.0,0.0,0.0,0.0,0
불광역,2,0.0,1.0,0.0,0.0,1.0,0.0,3.0,1.0,0.0,0.0,1.0,1
불광역,2,0.0,1.0,0.0,0.0,1.0,0.0,3.0,1.0,0.0,0.0,1.0,1
사가정역,2,0.0,0.0,0.0,1.0,1.0,0.0,3.0,1.0,1.0,0.0,0.0,0
사가정역,2,0.0,0.0,0.0,1.0,1.0,0.0,3.0,1.0,1.0,0.0,0.0,0
사당역,2,0.0,0.0,0.0,0.0,8.0,2.0,16.0,0.0,1.0,0.0,1.0,8
사당역,2,0.0,0.0,0.0,0.0,8.0,2.0,16.0,0.0,1.0,0.0,1.0,8
상계역,2,0.0,0.0,0.0,0.0,0.0,0.0,7.0,0.0,0.0,0.0,0.0,0
상계역,2,0.0,0.0,0.0,0.0,0.0,0.0,7.0,0.0,0.0,0.0,0.0,0
상봉역,2,0.0,0.0,0.0,0.0,0.0,0.0,3.0,1.0,1.0,0.0,0.0,0
상봉역,2,0.0,0.0,0.0,0.0,0.0,0.0,3.0,1.0,1.0,0.0,0.0,0
상수역,2,0.0,0.0,1.0,0.0,0.0,0.0,0.0,1.0,1.0,0.0,1.0,2
상수역,2,0.0,0.0,1.0,0.0,0.0,0.0,0.0,1.0,1.0,0.0,1.0,2
서대문역,2,0.0,2.0,0.0,0.0,1.0,0.0,0.0,2.0,1.0,0.0,0.0,11
서대문역,2,0.0,2.0,0.0,0.0,1.0,0.0,0.0,2.0,1.0,0.0,0.0,11
서초역,2,0.0,0.0,0.0,0.0,3.0,1.0,2.0,1.0,0.0,0.0,0.0,0
서초역,2,0.0,0.0,0.0,0.0,3.0,1.0,2.0,1.0,0.0,0.0,0.0,0
석계역,2,0.0,0.0,0.0,0.0,1.0,0.0,1.0,1.0,0.0,0.0,0.0,0
석계역,2,0.0,0.0,0.0,0.0,1.0,0.0,1.0,1.0,0.0,0.0,0.0,0
송정역,2,0.0,0.0,0.0,0.0,1.0,0.0,2.0,1.0,0.0,0.0,0.0,0
송정역,2,0.0,0.0,0.0,0.0,1.0,0.0,2.0,1.0,0.0,0.0,0.0,0
수락산역,2,0.0,0.0,0.0,1.0,0.0,0.0,1.0,1.0,0.0,0.0,0.0,0
수락산역,2,0.0,0.0,0.0,1.0,0.0,0.0,1.0,1.0,0.0,0.0,0.0,0
숙대입구역,2,0.0,0.0,0.0,0.0,1.0,0.0,0.0,0.0,0.0,0.0,0.0,0
숙대입구역,2,0.0,0.0,0.0,0.0,1.0,0.0,0.0,0.0,0.0,0.0,0.0,0
숭실대입구역,2,0.0,0.0,0.0,0.0,1.0,0.0,2.0,1.0,0.0,0.0,1.0,0
숭실대입구역,2,0.0,0.0,0.0,0.0,1.0,0.0,2.0,1.0,0.0,0.0,1.0,0
신당역,2,0.0,1.0,0.0,0.0,2.0,0.0,2.0,1.0,1.0,0.0,0.0,1
신당역,2,0.0,1.0,0.0,0.0,2.0,0.0,2.0,1.0,1.0,0.0,0.0,1
신대방삼거리역,2,0.0,1.0,1.0,0.0,0.0,0.0,3.0,1.0,0.0,0.0,1.0,4
신대방삼거리역,2,0.0,1.0,1.0,0.0,0.0,0.0,3.0,1.0,0.0,0.0,1.0,4
신림역,2,0.0,0.0,0.0,0.0,2.0,0.0,1.0,0.0,1.0,0.0,0.0,0
신림역,2,0.0,0.0,0.0,0.0,2.0,0.0,1.0,0.0,1.0,0.0,0.0,0
신용산역,2,0.0,0.0,0.0,0.0,2.0,0.0,2.0,0.0,2.0,0.0,0.0,0
신용산역,2,0.0,0.0,0.0,0.0,2.0,0.0,2.0,0.0,2.0,0.0,0.0,0
신정역,2,0.0,0.0,0.0,0.0,0.0,0.0,0.0,1.0,0.0,0.0,0.0,0
신정역,2,0.0,0.0,0.0,0.0,0.0,0.0,0.0,1.0,0.0,0.0,0.0,0
신촌역,2,0.0,0.0,0.0,0.0,2.0,1.0,1.0,1.0,1.0,0.0,1.0,0
신촌역,2,0.0,0.0,0.0,0.0,2.0,1.0,1.0,1.0,1.0,0.0,1.0,0
신풍역,2,0.0,0.0,0.0,0.0,0.0,0.0,1.0,1.0,0.0,0.0,0.0,0
신풍역,2,0.0,0.0,0.0,0.0,0.0,0.0,1.0,1.0,0.0,0.0,0.0,0
아차산역,2,0.0,0.0,0.0,0.0,2.0,0.0,2.0,1.0,0.0,0.0,0.0,0
아차산역,2,0.0,0.0,0.0,0.0,2.0,0.0,2.0,1.0,0.0,0.0,0.0,0
어린이대공원역,2,0.0,0.0,0.0,0.0,0.0,0.0,0.0,1.0,0.0,0.0,0.0,0
어린이대공원역,2,0.0,0.0,0.0,0.0,0.0,0.0,0.0,1.0,0.0,0.0,0.0,0
여의도역,2,0.0,0.0,0.0,0.0,1.0,0.0,0.0,1.0,1.0,0.0,0.0,0
여의도역,2,0.0,0.0,0.0,0.0,1.0,0.0,0.0,1.0,1.0,0.0,0.0,0
역촌역,2,0.0,0.0,0.0,0.0,0.0,0.0,0.0,1.0,0.0,0.0,0.0,0
역촌역,2,0.0,0.0,0.0,0.0,0.0,0.0,0.0,1.0,0.0,0.0,0.0,0
영등포구청역,2,1.0,0.0,0.0,0.0,6.0,0.0,1.0,1.0,0.0,0.0,0.0,0
영등포구청역,2,1.0,0.0,0.0,0.0,6.0,0.0,1.0,1.0,0.0,0.0,0.0,0
오목교역,2,0.0,0.0,0.0,0.0,13.0,0.0,8.0,1.0,1.0,0.0,0.0,7
오목교역,2,0.0,0.0,0.0,0.0,13.0,0.0,8.0,1.0,1.0,0.0,0.0,7
왕십리역,2,1.0,0.0,0.0,1.0,4.0,0.0,7.0,2.0,1.0,0.0,1.0,3
왕십리역,2,1.0,0.0,0.0,1.0,4.0,0.0,7.0,2.0,1.0,0.0,1.0,3
용마산역,2,0.0,0.0,0.0,0.0,0.0,0.0,0.0,1.0,0.0,0.0,1.0,0
용마산역,2,0.0,0.0,0.0,0.0,0.0,0.0,0.0,1.0,0.0,0.0,1.0,0
월곡역,2,0.0,0.0,0.0,0.0,2.0,0.0,1.0,1.0,0.0,0.0,1.0,0
월곡역,2,0.0,0.0,0.0,0.0,2.0,0.0,1.0,1.0,0.0,0.0,1.0,0
을지로3가역,2,0.0,0.0,0.0,0.0,3.0,0.0,4.0,0.0,2.0,0.0,0.0,0
을지로3가역,2,0.0,0.0,0.0,0.0,3.0,0.0,4.0,0.0,2.0,0.0,0.0,0
을지로4가역,2,0.0,0.0,0.0,2.0,2.0,0.0,5.0,1.0,0.0,0.0,0.0,0
을지로4가역,2,0.0,0.0,0.0,2.0,2.0,0.0,5.0,1.0,0.0,0.0,0.0,0
을지로입구역,2,0.0,0.0,0.0,0.0,4.0,1.0,3.0,1.0,1.0,0.0,0.0,0
을지로입구역,2,0.0,0.0,0.0,0.0,4.0,1.0,3.0,1.0,1.0,0.0,0.0,0
이수역,2,0.0,0.0,0.0,1.0,1.0,0.0,3.0,1.0,1.0,0.0,0.0,0
이수역,2,0.0,0.0,0.0,1.0,1.0,0.0,3.0,1.0,1.0,0.0,0.0,0
일원역,2,0.0,0.0,0.0,1.0,0.0,2.0,0.0,1.0,0.0,0.0,0.0,0
일원역,2,0.0,0.0,0.0,1.0,0.0,2.0,0.0,1.0,0.0,0.0,0.0,0
잠실새내역,2,0.0,0.0,0.0,0.0,0.0,0.0,1.0,1.0,0.0,0.0,0.0,0
잠실새내역,2,0.0,0.0,0.0,0.0,0.0,0.0,1.0,1.0,0.0,0.0,0.0,0
장지역,2,0.0,0.0,0.0,0.0,1.0,0.0,0.0,1.0,1.0,0.0,0.0,0
장지역,2,0.0,0.0,0.0,0.0,1.0,0.0,0.0,1.0,1.0,0.0,0.0,0
종각역,2,0.0,0.0,0.0,0.0,2.0,1.0,1.0,1.0,2.0,0.0,0.0,0
종각역,2,0.0,0.0,0.0,0.0,2.0,1.0,1.0,1.0,2.0,0.0,0.0,0
종로3가역,2,0.0,0.0,0.0,0.0,5.0,2.0,1.0,1.0,1.0,0.0,0.0,0
종로3가역,2,0.0,0.0,0.0,0.0,5.0,2.0,1.0,1.0,1.0,0.0,0.0,0
종합운동장역,2,0.0,0.0,0.0,0.0,1.0,0.0,0.0,2.0,0.0,0.0,0.0,0
종합운동장역,2,0.0,0.0,0.0,0.0,1.0,0.0,0.0,2.0,0.0,0.0,0.0,0
중화역,2,0.0,1.0,0.0,0.0,1.0,0.0,5.0,1.0,0.0,0.0,0.0,1
중화역,2,0.0,1.0,0.0,0.0,1.0,0.0,5.0,1.0,0.0,0.0,0.0,1
증산역,2,0.0,0.0,0.0,0.0,0.0,0.0,1.0,1.0,0.0,0.0,1.0,0
증산역,2,0.0,0.0,0.0,0.0,0.0,0.0,1.0,1.0,0.0,0.0,1.0,0
창동역,2,0.0,0.0,0.0,0.0,0.0,0.0,2.0,0.0,0.0,0.0,0.0,0
창동역,2,0.0,0.0,0.0,0.0,0.0,0.0,2.0,0.0,0.0,0.0,0.0,0
청담역,2,0.0,0.0,0.0,0.0,1.0,0.0,2.0,1.0,1.0,0.0,2.0,0
청담역,2,0.0,0.0,0.0,0.0,1.0,0.0,2.0,1.0,1.0,0.0,2.0,0
총신대입구역,2,0.0,1.0,0.0,1.0,4.0,0.0,5.0,0.0,0.0,0.0,1.0,1
총신대입구역,2,0.0,1.0,0.0,1.0,4.0,0.0,5.0,0.0,0.0,0.0,1.0,1
충무로역,2,0.0,0.0,0.0,1.0,1.0,0.0,0.0,2.0,1.0,0.0,1.0,0
충무로역,2,0.0,0.0,0.0,1.0,1.0,0.0,0.0,2.0,1.0,0.0,1.0,0
충정로역,2,0.0,1.0,0.0,1.0,1.0,0.0,2.0,1.0,0.0,0.0,1.0,1
충정로역,2,0.0,1.0,0.0,1.0,1.0,0.0,2.0,1.0,0.0,0.0,1.0,1
태릉입구역,2,0.0,1.0,0.0,0.0,1.0,0.0,8.0,1.0,1.0,0.0,1.0,1
태릉입구역,2,0.0,1.0,0.0,0.0,1.0,0.0,8.0,1.0,1.0,0.0,1.0,1
학동역,2,0.0,0.0,0.0,0.0,4.0,2.0,2.0,1.0,0.0,0.0,0.0,0
학동역,2,0.0,0.0,0.0,0.0,4.0,2.0,2.0,1.0,0.0,0.0,0.0,0
한양대역,2,0.0,0.0,0.0,1.0,1.0,0.0,0.0,1.0,0.0,0.0,0.0,0
한양대역,2,0.0,0.0,0.0,1.0,1.0,0.0,0.0,1.0,0.0,0.0,0.0,0
행당역,2,0.0,0.0,0.0,0.0,1.0,0.0,0.0,1.0,1.0,0.0,0.0,0
행당역,2,0.0,0.0,0.0,0.0,1.0,0.0,0.0,1.0,1.0,0.0,0.0,0
홍제역,2,0.0,0.0,0.0,0.0,1.0,0.0,1.0,0.0,0.0,0.0,0.0,0
홍제역,2,0.0,0.0,0.0,0.0,1.0,0.0,1.0,0.0,0.0,0.0,0.0,0
회현역,2,0.0,0.0,0.0,0.0,0.0,0.0,2.0,0.0,0.0,0.0,0.0,0
회현역,2,0.0,0.0,0.0,0.0,0.0,0.0,2.0,0.0,0.0,0.0,0.0,0
효창공원앞역,2,0.0,0.0,0.0,0.0,0.0,0.0,0.0,1.0,0.0,0.0,1.0,0
효창공원앞역,2,0.0,0.0,0.0,0.0,0.0,0.0,0.0,1.0,0.0,0.0,1.0,0
가락시장역,3,0.0,0.0,0.0,0.0,2.0,0.0,1.0,1.0,0.0,0.0,0.0,0
가락시장역,3,0.0,0.0,0.0,0.0,2.0,0.0,1.0,1.0,0.0,0.0,0.0,0
강남구청역,3,0.0,0.0,0.0,0.0,0.0,2.0,4.0,1.0,1.0,0.0,0.0,0
강남구청역,3,0.0,0.0,0.0,0.0,0.0,2.0,4.0,1.0,1.0,0.0,0.0,0
강동구청역,3,0.0,0.0,0.0,0.0,1.0,0.0,1.0,1.0,0.0,0.0,0.0,0
강동구청역,3,0.0,0.0,0.0,0.0,1.0,0.0,1.0,1.0,0.0,0.0,0.0,0
강동역,3,0.0,0.0,0.0,0.0,1.0,0.0,2.0,1.0,0.0,0.0,0.0,0
강동역,3,0.0,0.0,0.0,0.0,1.0,0.0,2.0,1.0,0.0,0.0,0.0,0
건대입구역,3,0.0,0.0,0.0,0.0,5.0,2.0,1.0,2.0,3.0,0.0,0.0,9
건대입구역,3,0.0,0.0,0.0,0.0,5.0,2.0,1.0,2.0,3.0,0.0,0.0,9
공덕역,3,6.0,1.0,0.0,0.0,5.0,0.0,11.0,2.0,4.0,0.0,1.0,14
공덕역,3,6.0,1.0,0.0,0.0,5.0,0.0,11.0,2.0,4.0,0.0,1.0,14
광흥창역,3,0.0,0.0,0.0,0.0,0.0,0.0,0.0,1.0,0.0,0.0,0.0,0
광흥창역,3,0.0,0.0,0.0,0.0,0.0,0.0,0.0,1.0,0.0,0.0,0.0,0
교대역,3,0.0,0.0,0.0,5.0,4.0,0.0,3.0,1.0,2.0,0.0,0.0,6
교대역,3,0.0,0.0,0.0,5.0,4.0,0.0,3.0,1.0,2.0,0.0,0.0,6
구산역,3,0.0,0.0,1.0,0.0,0.0,0.0,0.0,1.0,0.0,0.0,0.0,2
구산역,3,0.0,0.0,1.0,0.0,0.0,0.0,0.0,1.0,0.0,0.0,0.0,2
군자역,3,0.0,0.0,0.0,0.0,2.0,0.0,6.0,1.0,1.0,0.0,1.0,0
군자역,3,0.0,0.0,0.0,0.0,2.0,0.0,6.0,1.0,1.0,0.0,1.0,0
굽은다리역,3,0.0,0.0,0.0,0.0,1.0,0.0,1.0,1.0,0.0,0.0,0.0,0
굽은다리역,3,0.0,0.0,0.0,0.0,1.0,0.0,1.0,1.0,0.0,0.0,0.0,0
남구로역,3,0.0,0.0,0.0,0.0,0.0,0.0,1.0,1.0,0.0,0.0,0.0,0
남구로역,3,0.0,0.0,0.0,0.0,0.0,0.0,1.0,1.0,0.0,0.0,0.0,0
노원역,3,0.0,0.0,0.0,2.0,6.0,0.0,12.0,1.0,0.0,0.0,0.0,3
노원역,3,0.0,0.0,0.0,2.0,6.0,0.0,12.0,1.0,0.0,0.0,0.0,3
논현역,3,0.0,0.0,0.0,0.0,3.0,2.0,4.0,1.0,0.0,0.0,1.0,0
논현역,3,0.0,0.0,0.0,0.0,3.0,2.0,4.0,1.0,0.0,0.0,1.0,0
단대오거리역,3,0.0,0.0,0.0,0.0,0.0,0.0,1.0,1.0,0.0,0.0,0.0,0
단대오거리역,3,0.0,0.0,0.0,0.0,0.0,0.0,1.0,1.0,0.0,0.0,0.0,0
당산역,3,0.0,0.0,0.0,0.0,2.0,0.0,0.0,1.0,0.0,0.0,0.0,0
당산역,3,0.0,0.0,0.0,0.0,2.0,0.0,0.0,1.0,0.0,0.0,0.0,0
대림역,3,0.0,0.0,0.0,0.0,5.0,0.0,8.0,2.0,2.0,0.0,1.0,3
대림역,3,0.0,0.0,0.0,0.0,5.0,0.0,8.0,2.0,2.0,0.0,1.0,3
대청역,3,0.0,0.0,0.0,0.0,1.0,0.0,0.0,0.0,0.0,0.0,0.0,0
대청역,3,0.0,0.0,0.0,0.0,1.0,0.0,0.0,0.0,0.0,0.0,0.0,0
대흥역,3,0.0,0.0,0.0,0.0,0.0,0.0,1.0,1.0,0.0,0.0,0.0,0
대흥역,3,0.0,0.0,0.0,0.0,0.0,0.0,1.0,1.0,0.0,0.0,0.0,0
독바위역,3,0.0,0.0,0.0,0.0,0.0,0.0,0.0,1.0,0.0,0.0,0.0,0
독바위역,3,0.0,0.0,0.0,0.0,0.0,0.0,0.0,1.0,0.0,0.0,0.0,0
동대문역,3,0.0,0.0,0.0,0.0,3.0,0.0,7.0,0.0,0.0,0.0,0.0,0
동대문역,3,0.0,0.0,0.0,0.0,3.0,0.0,7.0,0.0,0.0,0.0,0.0,0
동대입구역,3,0.0,0.0,0.0,1.0,2.0,0.0,0.0,1.0,0.0,0.0,0.0,0
동대입구역,3,0.0,0.0,0.0,1.0,2.0,0.0,0.0,1.0,0.0,0.0,0.0,0
동묘앞역,3,0.0,0.0,0.0,0.0,1.0,0.0,0.0,1.0,0.0,0.0,1.0,0
동묘앞역,3,0.0,0.0,0.0,0.0,1.0,0.0,0.0,1.0,0.0,0.0,1.0,0
디지털미디어시티역,3,0.0,0.0,0.0,0.0,1.0,2.0,1.0,1.0,0.0,0.0,1.0,0
디지털미디어시티역,3,0.0,0.0,0.0,0.0,1.0,2.0,1.0,1.0,0.0,0.0,1.0,0
마들역,3,1.0,1.0,0.0,0.0,1.0,0.0,2.0,1.0,1.0,0.0,0.0,1
마들역,3,1.0,1.0,0.0,0.0,1.0,0.0,2.0,1.0,1.0,0.0,0.0,1
마포구청역,3,0.0,0.0,0.0,1.0,0.0,0.0,1.0,1.0,0.0,0.0,1.0,0
마포구청역,3,0.0,0.0,0.0,1.0,0.0,0.0,1.0,1.0,0.0,0.0,1.0,0
면목역,3,0.0,0.0,1.0,0.0,1.0,2.0,6.0,1.0,0.0,0.0,0.0,5
면목역,3,0.0,0.0,1.0,0.0,1.0,2.0,6.0,1.0,0.0,0.0,0.0,5
미아사거리역,3,0.0,0.0,0.0,0.0,3.0,1.0,11.0,0.0,0.0,0.0,0.0,8
미아사거리역,3,0.0,0.0,0.0,0.0,3.0,1.0,11.0,0.0,0.0,0.0,0.0,8
미아역,3,0.0,0.0,0.0,0.0,0.0,0.0,0.0,1.0,0.0,0.0,0.0,0
미아역,3,0.0,0.0,0.0,0.0,0.0,0.0,0.0,1.0,0.0,0.0,0.0,0
봉화산역,3,0.0,0.0,0.0,0.0,0.0,0.0,0.0,1.0,0.0,0.0,0.0,0
봉화산역,3,0.0,0.0,0.0,0.0,0.0,0.0,0.0,1.0,0.0,0.0,0.0,0
불광역,3,0.0,1.0,0.0,0.0,1.0,0.0,3.0,1.0,0.0,0.0,1.0,1
불광역,3,0.0,1.0,0.0,0.0,1.0,0.0,3.0,1.0,0.0,0.0,1.0,1
사가정역,3,0.0,0.0,0.0,1.0,1.0,0.0,3.0,1.0,1.0,0.0,0.0,0
사가정역,3,0.0,0.0,0.0,1.0,1.0,0.0,3.0,1.0,1.0,0.0,0.0,0
사당역,3,0.0,0.0,0.0,0.0,8.0,2.0,17.0,0.0,1.0,0.0,1.0,8
사당역,3,0.0,0.0,0.0,0.0,8.0,2.0,17.0,0.0,1.0,0.0,1.0,8
상계역,3,0.0,0.0,0.0,0.0,0.0,0.0,7.0,0.0,0.0,0.0,0.0,0
상계역,3,0.0,0.0,0.0,0.0,0.0,0.0,7.0,0.0,0.0,0.0,0.0,0
상봉역,3,0.0,0.0,0.0,0.0,0.0,0.0,3.0,1.0,1.0,0.0,0.0,0
상봉역,3,0.0,0.0,0.0,0.0,0.0,0.0,3.0,1.0,1.0,0.0,0.0,0
상수역,3,0.0,0.0,1.0,0.0,0.0,0.0,0.0,1.0,1.0,0.0,1.0,2
상수역,3,0.0,0.0,1.0,0.0,0.0,0.0,0.0,1.0,1.0,0.0,1.0,2
서대문역,3,0.0,2.0,0.0,0.0,1.0,0.0,0.0,2.0,1.0,0.0,0.0,11
서대문역,3,0.0,2.0,0.0,0.0,1.0,0.0,0.0,2.0,1.0,0.0,0.0,11
서초역,3,0.0,0.0,0.0,0.0,3.0,1.0,2.0,1.0,0.0,0.0,0.0,0
서초역,3,0.0,0.0,0.0,0.0,3.0,1.0,2.0,1.0,0.0,0.0,0.0,0
석계역,3,0.0,0.0,0.0,0.0,1.0,0.0,1.0,1.0,0.0,0.0,0.0,0
석계역,3,0.0,0.0,0.0,0.0,1.0,0.0,1.0,1.0,0.0,0.0,0.0,0
성수역,3,0.0,0.0,0.0,0.0,2.0,0.0,1.0,0.0,1.0,0.0,1.0,0
성수역,3,0.0,0.0,0.0,0.0,2.0,0.0,1.0,0.0,1.0,0.0,1.0,0
송정역,3,0.0,0.0,0.0,0.0,1.0,0.0,2.0,1.0,0.0,0.0,0.0,0
송정역,3,0.0,0.0,0.0,0.0,1.0,0.0,2.0,1.0,0.0,0.0,0.0,0
수락산역,3,0.0,0.0,0.0,1.0,0.0,0.0,1.0,1.0,0.0,0.0,0.0,0
수락산역,3,0.0,0.0,0.0,1.0,0.0,0.0,1.0,1.0,0.0,0.0,0.0,0
숙대입구역,3,0.0,0.0,0.0,0.0,1.0,0.0,0.0,0.0,0.0,0.0,0.0,0
숙대입구역,3,0.0,0.0,0.0,0.0,1.0,0.0,0.0,0.0,0.0,0.0,0.0,0
숭실대입구역,3,0.0,0.0,0.0,0.0,1.0,0.0,2.0,1.0,0.0,0.0,1.0,0
숭실대입구역,3,0.0,0.0,0.0,0.0,1.0,0.0,2.0,1.0,0.0,0.0,1.0,0
신금호역,3,0.0,0.0,0.0,0.0,0.0,0.0,0.0,1.0,0.0,0.0,0.0,0
신금호역,3,0.0,0.0,0.0,0.0,0.0,0.0,0.0,1.0,0.0,0.0,0.0,0
신당역,3,0.0,1.0,0.0,0.0,2.0,0.0,2.0,1.0,1.0,0.0,0.0,1
신당역,3,0.0,1.0,0.0,0.0,2.0,0.0,2.0,1.0,1.0,0.0,0.0,1
신대방삼거리역,3,0.0,1.0,1.0,0.0,0.0,0.0,4.0,1.0,0.0,0.0,1.0,4
신대방삼거리역,3,0.0,1.0,1.0,0.0,0.0,0.0,4.0,1.0,0.0,0.0,1.0,4
신림역,3,0.0,0.0,0.0,0.0,2.0,0.0,1.0,0.0,1.0,0.0,0.0,0
신림역,3,0.0,0.0,0.0,0.0,2.0,0.0,1.0,0.0,1.0,0.0,0.0,0
신용산역,3,0.0,0.0,0.0,0.0,2.0,0.0,2.0,0.0,2.0,0.0,0.0,0
신용산역,3,0.0,0.0,0.0,0.0,2.0,0.0,2.0,0.0,2.0,0.0,0.0,0
신정역,3,0.0,0.0,0.0,0.0,0.0,0.0,0.0,1.0,0.0,0.0,0.0,0
신정역,3,0.0,0.0,0.0,0.0,0.0,0.0,0.0,1.0,0.0,0.0,0.0,0
신촌역,3,0.0,0.0,0.0,0.0,2.0,1.0,1.0,1.0,0.0,0.0,1.0,0
신촌역,3,0.0,0.0,0.0,0.0,2.0,1.0,1.0,1.0,0.0,0.0,1.0,0
신풍역,3,0.0,0.0,0.0,0.0,0.0,0.0,1.0,1.0,0.0,0.0,0.0,0
신풍역,3,0.0,0.0,0.0,0.0,0.0,0.0,1.0,1.0,0.0,0.0,0.0,0
아차산역,3,0.0,0.0,0.0,0.0,2.0,0.0,2.0,1.0,0.0,0.0,0.0,0
아차산역,3,0.0,0.0,0.0,0.0,2.0,0.0,2.0,1.0,0.0,0.0,0.0,0
압구정역,3,0.0,0.0,0.0,0.0,2.0,0.0,0.0,0.0,1.0,0.0,1.0,0
압구정역,3,0.0,0.0,0.0,0.0,2.0,0.0,0.0,0.0,1.0,0.0,1.0,0
어린이대공원역,3,0.0,0.0,0.0,0.0,0.0,0.0,0.0,1.0,0.0,0.0,0.0,0
어린이대공원역,3,0.0,0.0,0.0,0.0,0.0,0.0,0.0,1.0,0.0,0.0,0.0,0
여의도역,3,0.0,0.0,0.0,0.0,1.0,0.0,0.0,1.0,1.0,0.0,0.0,0
여의도역,3,0.0,0.0,0.0,0.0,1.0,0.0,0.0,1.0,1.0,0.0,0.0,0
역촌역,3,0.0,0.0,0.0,0.0,0.0,0.0,0.0,1.0,0.0,0.0,0.0,0
역촌역,3,0.0,0.0,0.0,0.0,0.0,0.0,0.0,1.0,0.0,0.0,0.0,0
영등포구청역,3,1.0,0.0,0.0,0.0,6.0,0.0,1.0,1.0,0.0,0.0,0.0,0
영등포구청역,3,1.0,0.0,0.0,0.0,6.0,0.0,1.0,1.0,0.0,0.0,0.0,0
오목교역,3,0.0,0.0,0.0,0.0,14.0,0.0,8.0,1.0,1.0,0.0,0.0,7
오목교역,3,0.0,0.0,0.0,0.0,14.0,0.0,8.0,1.0,1.0,0.0,0.0,7
왕십리역,3,1.0,0.0,0.0,1.0,4.0,0.0,7.0,2.0,1.0,0.0,1.0,3
왕십리역,3,1.0,0.0,0.0,1.0,4.0,0.0,7.0,2.0,1.0,0.0,1.0,3
용마산역,3,0.0,0.0,0.0,0.0,0.0,0.0,0.0,1.0,0.0,0.0,1.0,0
용마산역,3,0.0,0.0,0.0,0.0,0.0,0.0,0.0,1.0,0.0,0.0,1.0,0
월곡역,3,0.0,0.0,0.0,0.0,2.0,0.0,1.0,1.0,0.0,0.0,1.0,0
월곡역,3,0.0,0.0,0.0,0.0,2.0,0.0,1.0,1.0,0.0,0.0,1.0,0
을지로3가역,3,0.0,0.0,0.0,0.0,3.0,0.0,4.0,0.0,2.0,0.0,0.0,0
을지로3가역,3,0.0,0.0,0.0,0.0,3.0,0.0,4.0,0.0,2.0,0.0,0.0,0
을지로4가역,3,0.0,0.0,0.0,2.0,2.0,0.0,5.0,1.0,0.0,0.0,0.0,0
을지로4가역,3,0.0,0.0,0.0,2.0,2.0,0.0,5.0,1.0,0.0,0.0,0.0,0
을지로입구역,3,0.0,0.0,0.0,0.0,4.0,1.0,3.0,1.0,1.0,0.0,0.0,0
을지로입구역,3,0.0,0.0,0.0,0.0,4.0,1.0,3.0,1.0,1.0,0.0,0.0,0
이수역,3,0.0,0.0,0.0,1.0,1.0,0.0,3.0,1.0,1.0,0.0,0.0,0
이수역,3,0.0,0.0,0.0,1.0,1.0,0.0,3.0,1.0,1.0,0.0,0.0,0
일원역,3,0.0,0.0,0.0,1.0,0.0,2.0,0.0,1.0,0.0,0.0,0.0,0
일원역,3,0.0,0.0,0.0,1.0,0.0,2.0,0.0,1.0,0.0,0.0,0.0,0
잠실새내역,3,0.0,0.0,0.0,0.0,0.0,0.0,1.0,1.0,0.0,0.0,0.0,0
잠실새내역,3,0.0,0.0,0.0,0.0,0.0,0.0,1.0,1.0,0.0,0.0,0.0,0
장지역,3,0.0,0.0,0.0,0.0,1.0,0.0,0.0,1.0,1.0,0.0,0.0,0
장지역,3,0.0,0.0,0.0,0.0,1.0,0.0,0.0,1.0,1.0,0.0,0.0,0
종각역,3,0.0,0.0,0.0,0.0,2.0,1.0,1.0,1.0,2.0,0.0,0.0,0
종각역,3,0.0,0.0,0.0,0.0,2.0,1.0,1.0,1.0,2.0,0.0,0.0,0
종로3가역,3,0.0,0.0,0.0,0.0,4.0,2.0,1.0,1.0,1.0,0.0,0.0,0
종로3가역,3,0.0,0.0,0.0,0.0,4.0,2.0,1.0,1.0,1.0,0.0,0.0,0
종합운동장역,3,0.0,0.0,0.0,0.0,2.0,0.0,0.0,2.0,0.0,0.0,0.0,0
종합운동장역,3,0.0,0.0,0.0,0.0,2.0,0.0,0.0,2.0,0.0,0.0,0.0,0
중계역,3,0.0,0.0,0.0,0.0,1.0,0.0,1.0,1.0,0.0,0.0,1.0,0
중계역,3,0.0,0.0,0.0,0.0,1.0,0.0,1.0,1.0,0.0,0.0,1.0,0
중화역,3,0.0,1.0,0.0,0.0,1.0,0.0,5.0,1.0,0.0,0.0,0.0,1
중화역,3,0.0,1.0,0.0,0.0,1.0,0.0,5.0,1.0,0.0,0.0,0.0,1
증산역,3,0.0,0.0,0.0,0.0,0.0,0.0,1.0,1.0,0.0,0.0,1.0,0
증산역,3,0.0,0.0,0.0,0.0,0.0,0.0,1.0,1.0,0.0,0.0,1.0,0
창동역,3,0.0,0.0,0.0,0.0,0.0,0.0,2.0,0.0,0.0,0.0,0.0,0
창동역,3,0.0,0.0,0.0,0.0,0.0,0.0,2.0,0.0,0.0,0.0,0.0,0
청담역,3,0.0,0.0,0.0,0.0,1.0,0.0,2.0,1.0,1.0,0.0,2.0,0
청담역,3,0.0,0.0,0.0,0.0,1.0,0.0,2.0,1.0,1.0,0.0,2.0,0
총신대입구역,3,0.0,1.0,0.0,1.0,4.0,0.0,5.0,0.0,0.0,0.0,1.0,1
총신대입구역,3,0.0,1.0,0.0,1.0,4.0,0.0,5.0,0.0,0.0,0.0,1.0,1
충무로역,3,0.0,0.0,0.0,1.0,1.0,0.0,0.0,2.0,1.0,0.0,1.0,0
충무로역,3,0.0,0.0,0.0,1.0,1.0,0.0,0.0,2.0,1.0,0.0,1.0,0
충정로역,3,0.0,1.0,0.0,1.0,1.0,0.0,2.0,1.0,0.0,0.0,1.0,1
충정로역,3,0.0,1.0,0.0,1.0,1.0,0.0,2.0,1.0,0.0,0.0,1.0,1
태릉입구역,3,0.0,1.0,0.0,0.0,1.0,0.0,8.0,1.0,1.0,0.0,1.0,1
태릉입구역,3,0.0,1.0,0.0,0.0,1.0,0.0,8.0,1.0,1.0,0.0,1.0,1
학동역,3,0.0,0.0,0.0,0.0,4.0,2.0,2.0,1.0,0.0,0.0,0.0,0
학동역,3,0.0,0.0,0.0,0.0,4.0,2.0,2.0,1.0,0.0,0.0,0.0,0
한양대역,3,0.0,0.0,0.0,1.0,1.0,0.0,0.0,1.0,0.0,0.0,0.0,0
한양대역,3,0.0,0.0,0.0,1.0,1.0,0.0,0.0,1.0,0.0,0.0,0.0,0
합정역,3,0.0,1.0,0.0,0.0,5.0,4.0,10.0,2.0,3.0,0.0,2.0,10
합정역,3,0.0,1.0,0.0,0.0,5.0,4.0,10.0,2.0,3.0,0.0,2.0,10
행당역,3,0.0,0.0,0.0,0.0,1.0,0.0,0.0,1.0,1.0,0.0,0.0,0
행당역,3,0.0,0.0,0.0,0.0,1.0,0.0,0.0,1.0,1.0,0.0,0.0,0
홍제역,3,0.0,0.0,0.0,0.0,1.0,0.0,1.0,0.0,0.0,0.0,0.0,0
홍제역,3,0.0,0.0,0.0,0.0,1.0,0.0,1.0,0.0,0.0,0.0,0.0,0
회현역,3,0.0,0.0,0.0,0.0,0.0,0.0,2.0,0.0,0.0,0.0,0.0,0
회현역,3,0.0,0.0,0.0,0.0,0.0,0.0,2.0,0.0,0.0,0.0,0.0,0
효창공원앞역,3,0.0,0.0,0.0,0.0,0.0,0.0,0.0,1.0,0.0,0.0,1.0,0
효창공원앞역,3,0.0,0.0,0.0,0.0,0.0,0.0,0.0,1.0,0.0,0.0,1.0,0
강남구청역,4,0.0,0.0,0.0,0.0,0.0,2.0,4.0,1.0,1.0,0.0,0.0,0
강남구청역,4,0.0,0.0,0.0,0.0,0.0,2.0,4.0,1.0,1.0,0.0,0.0,0
강남역,4,0.0,0.0,0.0,0.0,1.0,1.0,1.0,0.0,0.0,0.0,1.0,0
강남역,4,0.0,0.0,0.0,0.0,1.0,1.0,1.0,0.0,0.0,0.0,1.0,0
강동구청역,4,0.0,0.0,0.0,0.0,1.0,0.0,1.0,1.0,0.0,0.0,0.0,0
강동구청역,4,0.0,0.0,0.0,0.0,1.0,0.0,1.0,1.0,0.0,0.0,0.0,0
강동역,4,0.0,0.0,0.0,0.0,1.0,0.0,2.0,1.0,0.0,0.0,0.0,0
강동역,4,0.0,0.0,0.0,0.0,1.0,0.0,2.0,1.0,0.0,0.0,0.0,0
건대입구역,4,0.0,0.0,0.0,0.0,5.0,2.0,1.0,2.0,3.0,0.0,0.0,9
건대입구역,4,0.0,0.0,0.0,0.0,5.0,2.0,1.0,2.0,3.0,0.0,0.0,9
공덕역,4,6.0,1.0,0.0,0.0,5.0,0.0,10.0,2.0,4.0,0.0,1.0,14
공덕역,4,6.0,1.0,0.0,0.0,5.0,0.0,10.0,2.0,4.0,0.0,1.0,14
광명사거리역,4,0.0,1.0,0.0,0.0,2.0,0.0,1.0,1.0,1.0,0.0,1.0,1
광명사거리역,4,0.0,1.0,0.0,0.0,2.0,0.0,1.0,1.0,1.0,0.0,1.0,1
광흥창역,4,0.0,0.0,0.0,0.0,0.0,0.0,0.0,1.0,0.0,0.0,0.0,0
광흥창역,4,0.0,0.0,0.0,0.0,0.0,0.0,0.0,1.0,0.0,0.0,0.0,0
교대역,4,0.0,0.0,0.0,5.0,5.0,0.0,1.0,1.0,2.0,0.0,0.0,6
교대역,4,0.0,0.0,0.0,5.0,5.0,0.0,1.0,1.0,2.0,0.0,0.0,6
군자역,4,0.0,0.0,0.0,0.0,2.0,0.0,5.0,1.0,1.0,0.0,1.0,0
군자역,4,0.0,0.0,0.0,0.0,2.0,0.0,5.0,1.0,1.0,0.0,1.0,0
굽은다리역,4,0.0,0.0,0.0,0.0,1.0,0.0,1.0,1.0,0.0,0.0,0.0,0
굽은다리역,4,0.0,0.0,0.0,0.0,1.0,0.0,1.0,1.0,0.0,0.0,0.0,0
낙성대역,4,0.0,0.0,0.0,0.0,0.0,0.0,2.0,0.0,0.0,0.0,0.0,0
낙성대역,4,0.0,0.0,0.0,0.0,0.0,0.0,2.0,0.0,0.0,0.0,0.0,0
남구로역,4,0.0,0.0,0.0,0.0,0.0,0.0,1.0,1.0,0.0,0.0,0.0,0
남구로역,4,0.0,0.0,0.0,0.0,0.0,0.0,1.0,1.0,0.0,0.0,0.0,0
노원역,4,0.0,0.0,0.0,2.0,3.0,0.0,13.0,1.0,1.0,0.0,0.0,3
노원역,4,0.0,0.0,0.0,2.0,3.0,0.0,13.0,1.0,1.0,0.0,0.0,3
논현역,4,0.0,0.0,0.0,0.0,3.0,2.0,4.0,1.0,0.0,0.0,1.0,0
논현역,4,0.0,0.0,0.0,0.0,3.0,2.0,4.0,1.0,0.0,0.0,1.0,0
단대오거리역,4,0.0,0.0,0.0,0.0,0.0,0.0,1.0,1.0,0.0,0.0,0.0,0
단대오거리역,4,0.0,0.0,0.0,0.0,0.0,0.0,1.0,1.0,0.0,0.0,0.0,0
당산역,4,0.0,0.0,0.0,0.0,2.0,0.0,0.0,1.0,0.0,0.0,0.0,0
당산역,4,0.0,0.0,0.0,0.0,2.0,0.0,0.0,1.0,0.0,0.0,0.0,0
대림역,4,0.0,0.0,0.0,0.0,5.0,0.0,8.0,2.0,2.0,0.0,1.0,3
대림역,4,0.0,0.0,0.0,0.0,5.0,0.0,8.0,2.0,2.0,0.0,1.0,3
대청역,4,0.0,0.0,0.0,0.0,1.0,0.0,0.0,0.0,0.0,0.0,0.0,0
대청역,4,0.0,0.0,0.0,0.0,1.0,0.0,0.0,0.0,0.0,0.0,0.0,0
대흥역,4,0.0,0.0,0.0,0.0,0.0,0.0,1.0,1.0,0.0,0.0,0.0,0
대흥역,4,0.0,0.0,0.0,0.0,0.0,0.0,1.0,1.0,0.0,0.0,0.0,0
독바위역,4,0.0,0.0,0.0,0.0,0.0,0.0,0.0,1.0,0.0,0.0,0.0,0
독바위역,4,0.0,0.0,0.0,0.0,0.0,0.0,0.0,1.0,0.0,0.0,0.0,0
동대문역,4,0.0,0.0,0.0,0.0,3.0,0.0,7.0,0.0,0.0,0.0,0.0,0
동대문역,4,0.0,0.0,0.0,0.0,3.0,0.0,7.0,0.0,0.0,0.0,0.0,0
동대입구역,4,0.0,0.0,0.0,1.0,1.0,0.0,0.0,1.0,0.0,0.0,0.0,0
동대입구역,4,0.0,0.0,0.0,1.0,1.0,0.0,0.0,1.0,0.0,0.0,0.0,0
동묘앞역,4,0.0,0.0,0.0,0.0,1.0,0.0,0.0,1.0,0.0,0.0,1.0,0
동묘앞역,4,0.0,0.0,0.0,0.0,1.0,0.0,0.0,1.0,0.0,0.0,1.0,0
마들역,4,1.0,1.0,0.0,0.0,1.0,0.0,2.0,1.0,1.0,0.0,0.0,1
마들역,4,1.0,1.0,0.0,0.0,1.0,0.0,2.0,1.0,1.0,0.0,0.0,1
마포구청역,4,0.0,0.0,0.0,1.0,0.0,0.0,1.0,1.0,0.0,0.0,1.0,0
마포구청역,4,0.0,0.0,0.0,1.0,0.0,0.0,1.0,1.0,0.0,0.0,1.0,0
면목역,4,0.0,0.0,1.0,0.0,1.0,2.0,6.0,1.0,0.0,0.0,0.0,5
면목역,4,0.0,0.0,1.0,0.0,1.0,2.0,6.0,1.0,0.0,0.0,0.0,5
미아사거리역,4,0.0,0.0,0.0,0.0,3.0,1.0,11.0,0.0,0.0,0.0,0.0,8
미아사거리역,4,0.0,0.0,0.0,0.0,3.0,1.0,11.0,0.0,0.0,0.0,0.0,8
미아역,4,0.0,0.0,0.0,0.0,0.0,0.0,0.0,1.0,0.0,0.0,0.0,0
미아역,4,0.0,0.0,0.0,0.0,0.0,0.0,0.0,1.0,0.0,0.0,0.0,0
봉화산역,4,0.0,0.0,0.0,0.0,0.0,0.0,0.0,1.0,0.0,0.0,0.0,0
봉화산역,4,0.0,0.0,0.0,0.0,0.0,0.0,0.0,1.0,0.0,0.0,0.0,0
불광역,4,0.0,1.0,0.0,0.0,1.0,0.0,3.0,1.0,0.0,0.0,1.0,1
불광역,4,0.0,1.0,0.0,0.0,1.0,0.0,3.0,1.0,0.0,0.0,1.0,1
사가정역,4,0.0,0.0,0.0,1.0,1.0,0.0,3.0,1.0,1.0,0.0,0.0,0
사가정역,4,0.0,0.0,0.0,1.0,1.0,0.0,3.0,1.0,1.0,0.0,0.0,0
사당역,4,0.0,0.0,0.0,0.0,8.0,2.0,14.0,0.0,1.0,0.0,1.0,8
사당역,4,0.0,0.0,0.0,0.0,8.0,2.0,14.0,0.0,1.0,0.0,1.0,8
상계역,4,0.0,0.0,0.0,0.0,0.0,0.0,7.0,0.0,0.0,0.0,0.0,0
상계역,4,0.0,0.0,0.0,0.0,0.0,0.0,7.0,0.0,0.0,0.0,0.0,0
상봉역,4,0.0,0.0,0.0,0.0,0.0,0.0,3.0,1.0,1.0,0.0,0.0,0
상봉역,4,0.0,0.0,0.0,0.0,0.0,0.0,3.0,1.0,1.0,0.0,0.0,0
상수역,4,0.0,0.0,1.0,0.0,0.0,0.0,0.0,1.0,1.0,0.0,1.0,2
상수역,4,0.0,0.0,1.0,0.0,0.0,0.0,0.0,1.0,1.0,0.0,1.0,2
서대문역,4,0.0,2.0,0.0,0.0,1.0,0.0,0.0,2.0,1.0,0.0,0.0,11
서대문역,4,0.0,2.0,0.0,0.0,1.0,0.0,0.0,2.0,1.0,0.0,0.0,11
서초역,4,0.0,0.0,0.0,0.0,3.0,1.0,2.0,1.0,0.0,0.0,0.0,0
서초역,4,0.0,0.0,0.0,0.0,3.0,1.0,2.0,1.0,0.0,0.0,0.0,0
석계역,4,0.0,0.0,0.0,0.0,1.0,0.0,1.0,1.0,0.0,0.0,0.0,0
석계역,4,0.0,0.0,0.0,0.0,1.0,0.0,1.0,1.0,0.0,0.0,0.0,0
선릉역,4,0.0,0.0,0.0,0.0,5.0,1.0,6.0,0.0,1.0,0.0,1.0,8
선릉역,4,0.0,0.0,0.0,0.0,5.0,1.0,6.0,0.0,1.0,0.0,1.0,8
성수역,4,0.0,0.0,0.0,0.0,2.0,0.0,1.0,0.0,1.0,0.0,1.0,0
성수역,4,0.0,0.0,0.0,0.0,2.0,0.0,1.0,0.0,1.0,0.0,1.0,0
송정역,4,0.0,0.0,0.0,0.0,1.0,0.0,2.0,1.0,0.0,0.0,0.0,0
송정역,4,0.0,0.0,0.0,0.0,1.0,0.0,2.0,1.0,0.0,0.0,0.0,0
수락산역,4,0.0,0.0,0.0,1.0,0.0,0.0,1.0,1.0,0.0,0.0,0.0,0
수락산역,4,0.0,0.0,0.0,1.0,0.0,0.0,1.0,1.0,0.0,0.0,0.0,0
숙대입구역,4,0.0,0.0,0.0,0.0,1.0,0.0,0.0,0.0,0.0,0.0,0.0,0
숙대입구역,4,0.0,0.0,0.0,0.0,1.0,0.0,0.0,0.0,0.0,0.0,0.0,0
숭실대입구역,4,0.0,0.0,0.0,0.0,1.0,0.0,1.0,1.0,0.0,0.0,1.0,0
숭실대입구역,4,0.0,0.0,0.0,0.0,1.0,0.0,1.0,1.0,0.0,0.0,1.0,0
신금호역,4,0.0,0.0,0.0,0.0,0.0,0.0,0.0,1.0,0.0,0.0,0.0,0
신금호역,4,0.0,0.0,0.0,0.0,0.0,0.0,0.0,1.0,0.0,0.0,0.0,0
신당역,4,0.0,1.0,0.0,0.0,1.0,0.0,1.0,1.0,1.0,0.0,0.0,1
신당역,4,0.0,1.0,0.0,0.0,1.0,0.0,1.0,1.0,1.0,0.0,0.0,1
신대방삼거리역,4,0.0,1.0,1.0,0.0,0.0,0.0,4.0,1.0,0.0,0.0,1.0,4
신대방삼거리역,4,0.0,1.0,1.0,0.0,0.0,0.0,4.0,1.0,0.0,0.0,1.0,4
신대방역,4,0.0,0.0,0.0,0.0,1.0,0.0,0.0,1.0,0.0,0.0,0.0,0
신대방역,4,0.0,0.0,0.0,0.0,1.0,0.0,0.0,1.0,0.0,0.0,0.0,0
신사역,4,0.0,0.0,0.0,0.0,4.0,1.0,6.0,0.0,1.0,0.0,0.0,0
신사역,4,0.0,0.0,0.0,0.0,4.0,1.0,6.0,0.0,1.0,0.0,0.0,0
신용산역,4,0.0,0.0,0.0,0.0,2.0,0.0,2.0,0.0,2.0,0.0,0.0,0
신용산역,4,0.0,0.0,0.0,0.0,2.0,0.0,2.0,0.0,2.0,0.0,0.0,0
신정역,4,0.0,0.0,0.0,0.0,0.0,0.0,0.0,1.0,0.0,0.0,0.0,0
신정역,4,0.0,0.0,0.0,0.0,0.0,0.0,0.0,1.0,0.0,0.0,0.0,0
신촌역,4,0.0,0.0,0.0,0.0,2.0,1.0,1.0,1.0,0.0,0.0,1.0,0
신촌역,4,0.0,0.0,0.0,0.0,2.0,1.0,1.0,1.0,0.0,0.0,1.0,0
신풍역,4,0.0,0.0,0.0,0.0,0.0,0.0,1.0,1.0,0.0,0.0,0.0,0
신풍역,4,0.0,0.0,0.0,0.0,0.0,0.0,1.0,1.0,0.0,0.0,0.0,0
안암역,4,0.0,0.0,0.0,0.0,1.0,0.0,0.0,1.0,0.0,0.0,1.0,0
안암역,4,0.0,0.0,0.0,0.0,1.0,0.0,0.0,1.0,0.0,0.0,1.0,0
암사역,4,0.0,0.0,0.0,0.0,0.0,0.0,1.0,1.0,0.0,0.0,0.0,0
암사역,4,0.0,0.0,0.0,0.0,0.0,0.0,1.0,1.0,0.0,0.0,0.0,0
압구정역,4,0.0,0.0,0.0,0.0,2.0,0.0,0.0,0.0,1.0,0.0,1.0,0
압구정역,4,0.0,0.0,0.0,0.0,2.0,0.0,0.0,0.0,1.0,0.0,1.0,0
어린이대공원역,4,0.0,0.0,0.0,0.0,0.0,0.0,0.0,1.0,0.0,0.0,0.0,0
어린이대공원역,4,0.0,0.0,0.0,0.0,0.0,0.0,0.0,1.0,0.0,0.0,0.0,0
여의도역,4,0.0,0.0,0.0,0.0,1.0,0.0,0.0,1.0,1.0,0.0,0.0,0
여의도역,4,0.0,0.0,0.0,0.0,1.0,0.0,0.0,1.0,1.0,0.0,0.0,0
역삼역,4,0.0,0.0,0.0,0.0,5.0,3.0,0.0,1.0,0.0,0.0,0.0,0
역삼역,4,0.0,0.0,0.0,0.0,5.0,3.0,0.0,1.0,0.0,0.0,0.0,0
역촌역,4,0.0,0.0,0.0,0.0,0.0,0.0,0.0,1.0,0.0,0.0,0.0,0
역촌역,4,0.0,0.0,0.0,0.0,0.0,0.0,0.0,1.0,0.0,0.0,0.0,0
연신내역,4,0.0,0.0,0.0,0.0,1.0,1.0,3.0,1.0,0.0,0.0,0.0,0
연신내역,4,0.0,0.0,0.0,0.0,1.0,1.0,3.0,1.0,0.0,0.0,0.0,0
영등포구청역,4,1.0,0.0,0.0,0.0,6.0,0.0,1.0,1.0,0.0,0.0,0.0,0
영등포구청역,4,1.0,0.0,0.0,0.0,6.0,0.0,1.0,1.0,0.0,0.0,0.0,0
오목교역,4,0.0,0.0,0.0,0.0,14.0,0.0,8.0,1.0,2.0,0.0,0.0,7
오목교역,4,0.0,0.0,0.0,0.0,14.0,0.0,8.0,1.0,2.0,0.0,0.0,7
왕십리역,4,1.0,0.0,0.0,1.0,3.0,0.0,7.0,2.0,1.0,0.0,1.0,3
왕십리역,4,1.0,0.0,0.0,1.0,3.0,0.0,7.0,2.0,1.0,0.0,1.0,3
용마산역,4,0.0,0.0,0.0,0.0,0.0,0.0,0.0,1.0,0.0,0.0,1.0,0
용마산역,4,0.0,0.0,0.0,0.0,0.0,0.0,0.0,1.0,0.0,0.0,1.0,0
우장산역,4,0.0,1.0,0.0,1.0,0.0,0.0,2.0,1.0,0.0,0.0,0.0,1
우장산역,4,0.0,1.0,0.0,1.0,0.0,0.0,2.0,1.0,0.0,0.0,0.0,1
월곡역,4,0.0,0.0,0.0,0.0,2.0,0.0,1.0,1.0,0.0,0.0,1.0,0
월곡역,4,0.0,0.0,0.0,0.0,2.0,0.0,1.0,1.0,0.0,0.0,1.0,0
을지로3가역,4,0.0,0.0,0.0,0.0,4.0,0.0,4.0,0.0,2.0,0.0,0.0,0
을지로3가역,4,0.0,0.0,0.0,0.0,4.0,0.0,4.0,0.0,2.0,0.0,0.0,0
을지로4가역,4,0.0,0.0,0.0,2.0,2.0,0.0,5.0,1.0,0.0,0.0,0.0,0
을지로4가역,4,0.0,0.0,0.0,2.0,2.0,0.0,5.0,1.0,0.0,0.0,0.0,0
을지로입구역,4,0.0,0.0,0.0,0.0,4.0,1.0,2.0,1.0,1.0,0.0,0.0,0
을지로입구역,4,0.0,0.0,0.0,0.0,4.0,1.0,2.0,1.0,1.0,0.0,0.0,0
이수역,4,0.0,0.0,0.0,1.0,1.0,0.0,3.0,1.0,1.0,0.0,0.0,0
이수역,4,0.0,0.0,0.0,1.0,1.0,0.0,3.0,1.0,1.0,0.0,0.0,0
일원역,4,0.0,0.0,0.0,1.0,0.0,2.0,0.0,1.0,0.0,0.0,0.0,0
일원역,4,0.0,0.0,0.0,1.0,0.0,2.0,0.0,1.0,0.0,0.0,0.0,0
잠실새내역,4,0.0,0.0,0.0,0.0,0.0,0.0,1.0,1.0,0.0,0.0,0.0,0
잠실새내역,4,0.0,0.0,0.0,0.0,0.0,0.0,1.0,1.0,0.0,0.0,0.0,0
잠실역,4,0.0,0.0,0.0,0.0,21.0,3.0,10.0,3.0,0.0,0.0,1.0,12
잠실역,4,0.0,0.0,0.0,0.0,21.0,3.0,10.0,3.0,0.0,0.0,1.0,12
장지역,4,0.0,0.0,0.0,0.0,1.0,0.0,0.0,1.0,1.0,0.0,0.0,0
장지역,4,0.0,0.0,0.0,0.0,1.0,0.0,0.0,1.0,1.0,0.0,0.0,0
종각역,4,0.0,0.0,0.0,0.0,2.0,1.0,1.0,1.0,2.0,0.0,0.0,0
종각역,4,0.0,0.0,0.0,0.0,2.0,1.0,1.0,1.0,2.0,0.0,0.0,0
종로3가역,4,0.0,0.0,0.0,0.0,2.0,2.0,2.0,1.0,1.0,0.0,0.0,0
종로3가역,4,0.0,0.0,0.0,0.0,2.0,2.0,2.0,1.0,1.0,0.0,0.0,0
종합운동장역,4,0.0,0.0,0.0,0.0,2.0,0.0,0.0,2.0,0.0,0.0,0.0,0
종합운동장역,4,0.0,0.0,0.0,0.0,2.0,0.0,0.0,2.0,0.0,0.0,0.0,0
중화역,4,0.0,1.0,0.0,0.0,1.0,0.0,6.0,1.0,0.0,0.0,0.0,1
중화역,4,0.0,1.0,0.0,0.0,1.0,0.0,6.0,1.0,0.0,0.0,0.0,1
증산역,4,0.0,0.0,0.0,0.0,0.0,0.0,1.0,1.0,0.0,0.0,1.0,0
증산역,4,0.0,0.0,0.0,0.0,0.0,0.0,1.0,1.0,0.0,0.0,1.0,0
창동역,4,0.0,0.0,0.0,0.0,0.0,0.0,2.0,0.0,0.0,0.0,0.0,0
창동역,4,0.0,0.0,0.0,0.0,0.0,0.0,2.0,0.0,0.0,0.0,0.0,0
청담역,4,0.0,0.0,0.0,0.0,1.0,0.0,2.0,1.0,1.0,0.0,2.0,0
청담역,4,0.0,0.0,0.0,0.0,1.0,0.0,2.0,1.0,1.0,0.0,2.0,0
총신대입구역,4,0.0,1.0,0.0,1.0,4.0,0.0,4.0,0.0,0.0,0.0,1.0,1
총신대입구역,4,0.0,1.0,0.0,1.0,4.0,0.0,4.0,0.0,0.0,0.0,1.0,1
충무로역,4,0.0,0.0,0.0,1.0,1.0,0.0,0.0,2.0,1.0,0.0,1.0,0
충무로역,4,0.0,0.0,0.0,1.0,1.0,0.0,0.0,2.0,1.0,0.0,1.0,0
충정로역,4,0.0,1.0,0.0,1.0,1.0,0.0,2.0,1.0,0.0,0.0,1.0,1
충정로역,4,0.0,1.0,0.0,1.0,1.0,0.0,2.0,1.0,0.0,0.0,1.0,1
태릉입구역,4,0.0,1.0,0.0,0.0,1.0,0.0,7.0,1.0,1.0,0.0,1.0,1
태릉입구역,4,0.0,1.0,0.0,0.0,1.0,0.0,7.0,1.0,1.0,0.0,1.0,1
학동역,4,0.0,0.0,0.0,0.0,4.0,2.0,2.0,1.0,0.0,0.0,0.0,0
학동역,4,0.0,0.0,0.0,0.0,4.0,2.0,2.0,1.0,0.0,0.0,0.0,0
한양대역,4,0.0,0.0,0.0,1.0,1.0,0.0,0.0,1.0,0.0,0.0,0.0,0
한양대역,4,0.0,0.0,0.0,1.0,1.0,0.0,0.0,1.0,0.0,0.0,0.0,0
합정역,4,0.0,1.0,0.0,0.0,5.0,4.0,9.0,2.0,3.0,0.0,2.0,10
합정역,4,0.0,1.0,0.0,0.0,5.0,4.0,9.0,2.0,3.0,0.0,2.0,10
행당역,4,0.0,0.0,0.0,0.0,1.0,0.0,0.0,1.0,1.0,0.0,0.0,0
행당역,4,0.0,0.0,0.0,0.0,1.0,0.0,0.0,1.0,1.0,0.0,0.0,0
홍제역,4,0.0,0.0,0.0,0.0,1.0,0.0,0.0,0.0,0.0,0.0,0.0,0
홍제역,4,0.0,0.0,0.0,0.0,1.0,0.0,0.0,0.0,0.0,0.0,0.0,0
회현역,4,0.0,0.0,0.0,0.0,0.0,0.0,2.0,0.0,0.0,0.0,0.0,0
회현역,4,0.0,0.0,0.0,0.0,0.0,0.0,2.0,0.0,0.0,0.0,0.0,0
효창공원앞역,4,0.0,0.0,0.0,0.0,0.0,0.0,0.0,1.0,0.0,0.0,1.0,0
효창공원앞역,4,0.0,0.0,0.0,0.0,0.0,0.0,0.0,1.0,0.0,0.0,1.0,0
강남역,5,0.0,0.0,0.0,0.0,1.0,1.0,1.0,0.0,0.0,0.0,1.0,0
강남역,5,0.0,0.0,0.0,0.0,1.0,1.0,1.0,0.0,0.0,0.0,1.0,0
강동구청역,5,0.0,0.0,0.0,0.0,1.0,0.0,1.0,1.0,0.0,0.0,0.0,0
강동구청역,5,0.0,0.0,0.0,0.0,1.0,0.0,1.0,1.0,0.0,0.0,0.0,0
강동역,5,0.0,0.0,0.0,0.0,1.0,0.0,2.0,1.0,0.0,0.0,0.0,0
강동역,5,0.0,0.0,0.0,0.0,1.0,0.0,2.0,1.0,0.0,0.0,0.0,0
건대입구역,5,0.0,0.0,0.0,0.0,5.0,2.0,1.0,2.0,3.0,0.0,0.0,9
건대입구역,5,0.0,0.0,0.0,0.0,5.0,2.0,1.0,2.0,3.0,0.0,0.0,9
공덕역,5,2.0,1.0,0.0,0.0,6.0,0.0,9.0,2.0,4.0,0.0,1.0,13
공덕역,5,2.0,1.0,0.0,0.0,6.0,0.0,9.0,2.0,4.0,0.0,1.0,13
광명사거리역,5,0.0,1.0,0.0,0.0,2.0,0.0,1.0,1.0,1.0,0.0,1.0,1
광명사거리역,5,0.0,1.0,0.0,0.0,2.0,0.0,1.0,1.0,1.0,0.0,1.0,1
광흥창역,5,0.0,0.0,0.0,0.0,0.0,0.0,0.0,1.0,0.0,0.0,0.0,0
광흥창역,5,0.0,0.0,0.0,0.0,0.0,0.0,0.0,1.0,0.0,0.0,0.0,0
교대역,5,0.0,0.0,0.0,4.0,5.0,0.0,1.0,1.0,2.0,0.0,0.0,6
교대역,5,0.0,0.0,0.0,4.0,5.0,0.0,1.0,1.0,2.0,0.0,0.0,6
군자역,5,0.0,0.0,0.0,0.0,2.0,0.0,5.0,1.0,1.0,0.0,1.0,0
군자역,5,0.0,0.0,0.0,0.0,2.0,0.0,5.0,1.0,1.0,0.0,1.0,0
굽은다리역,5,0.0,0.0,0.0,0.0,1.0,0.0,1.0,1.0,0.0,0.0,0.0,0
굽은다리역,5,0.0,0.0,0.0,0.0,1.0,0.0,1.0,1.0,0.0,0.0,0.0,0
낙성대역,5,0.0,0.0,0.0,0.0,0.0,0.0,2.0,0.0,0.0,0.0,0.0,0
낙성대역,5,0.0,0.0,0.0,0.0,0.0,0.0,2.0,0.0,0.0,0.0,0.0,0
남구로역,5,0.0,0.0,0.0,0.0,0.0,0.0,2.0,1.0,0.0,0.0,0.0,0
남구로역,5,0.0,0.0,0.0,0.0,0.0,0.0,2.0,1.0,0.0,0.0,0.0,0
노원역,5,0.0,0.0,0.0,2.0,3.0,0.0,13.0,1.0,1.0,0.0,0.0,3
노원역,5,0.0,0.0,0.0,2.0,3.0,0.0,13.0,1.0,1.0,0.0,0.0,3
논현역,5,0.0,0.0,0.0,0.0,3.0,2.0,4.0,1.0,0.0,0.0,1.0,0
논현역,5,0.0,0.0,0.0,0.0,3.0,2.0,4.0,1.0,0.0,0.0,1.0,0
단대오거리역,5,0.0,0.0,0.0,0.0,0.0,0.0,1.0,1.0,0.0,0.0,0.0,0
단대오거리역,5,0.0,0.0,0.0,0.0,0.0,0.0,1.0,1.0,0.0,0.0,0.0,0
당산역,5,0.0,0.0,0.0,0.0,2.0,0.0,0.0,1.0,0.0,0.0,0.0,0
당산역,5,0.0,0.0,0.0,0.0,2.0,0.0,0.0,1.0,0.0,0.0,0.0,0
대림역,5,0.0,0.0,0.0,0.0,4.0,0.0,8.0,2.0,2.0,0.0,1.0,3
대림역,5,0.0,0.0,0.0,0.0,4.0,0.0,8.0,2.0,2.0,0.0,1.0,3
대청역,5,0.0,0.0,0.0,0.0,1.0,0.0,0.0,0.0,0.0,0.0,0.0,0
대청역,5,0.0,0.0,0.0,0.0,1.0,0.0,0.0,0.0,0.0,0.0,0.0,0
대흥역,5,0.0,0.0,0.0,0.0,0.0,0.0,1.0,1.0,0.0,0.0,0.0,0
대흥역,5,0.0,0.0,0.0,0.0,0.0,0.0,1.0,1.0,0.0,0.0,0.0,0
독바위역,5,0.0,0.0,0.0,0.0,0.0,0.0,0.0,1.0,0.0,0.0,0.0,0
독바위역,5,0.0,0.0,0.0,0.0,0.0,0.0,0.0,1.0,0.0,0.0,0.0,0
동대문역,5,0.0,0.0,0.0,0.0,3.0,0.0,7.0,0.0,0.0,0.0,0.0,0
동대문역,5,0.0,0.0,0.0,0.0,3.0,0.0,7.0,0.0,0.0,0.0,0.0,0
동대입구역,5,0.0,0.0,0.0,1.0,1.0,0.0,0.0,1.0,0.0,0.0,0.0,0
동대입구역,5,0.0,0.0,0.0,1.0,1.0,0.0,0.0,1.0,0.0,0.0,0.0,0
동묘앞역,5,0.0,0.0,0.0,0.0,1.0,0.0,0.0,1.0,0.0,0.0,1.0,0
동묘앞역,5,0.0,0.0,0.0,0.0,1.0,0.0,0.0,1.0,0.0,0.0,1.0,0
디지털미디어시티역,5,0.0,0.0,0.0,0.0,1.0,2.0,1.0,1.0,0.0,0.0,1.0,0
디지털미디어시티역,5,0.0,0.0,0.0,0.0,1.0,2.0,1.0,1.0,0.0,0.0,1.0,0
마들역,5,1.0,1.0,0.0,0.0,1.0,0.0,3.0,1.0,1.0,0.0,0.0,1
마들역,5,1.0,1.0,0.0,0.0,1.0,0.0,3.0,1.0,1.0,0.0,0.0,1
마포구청역,5,0.0,0.0,0.0,1.0,0.0,0.0,1.0,1.0,0.0,0.0,1.0,0
마포구청역,5,0.0,0.0,0.0,1.0,0.0,0.0,1.0,1.0,0.0,0.0,1.0,0
면목역,5,0.0,1.0,1.0,0.0,1.0,2.0,6.0,1.0,0.0,0.0,0.0,5
면목역,5,0.0,1.0,1.0,0.0,1.0,2.0,6.0,1.0,0.0,0.0,0.0,5
미아사거리역,5,0.0,0.0,0.0,0.0,3.0,1.0,11.0,0.0,0.0,0.0,0.0,8
미아사거리역,5,0.0,0.0,0.0,0.0,3.0,1.0,11.0,0.0,0.0,0.0,0.0,8
미아역,5,0.0,0.0,0.0,0.0,0.0,0.0,0.0,1.0,0.0,0.0,0.0,0
미아역,5,0.0,0.0,0.0,0.0,0.0,0.0,0.0,1.0,0.0,0.0,0.0,0
봉화산역,5,0.0,0.0,0.0,0.0,0.0,0.0,0.0,1.0,0.0,0.0,0.0,0
봉화산역,5,0.0,0.0,0.0,0.0,0.0,0.0,0.0,1.0,0.0,0.0,0.0,0
불광역,5,0.0,1.0,0.0,0.0,2.0,0.0,2.0,1.0,0.0,0.0,1.0,1
불광역,5,0.0,1.0,0.0,0.0,2.0,0.0,2.0,1.0,0.0,0.0,1.0,1
사가정역,5,0.0,0.0,0.0,1.0,1.0,0.0,3.0,1.0,1.0,0.0,0.0,0
사가정역,5,0.0,0.0,0.0,1.0,1.0,0.0,3.0,1.0,1.0,0.0,0.0,0
사당역,5,0.0,0.0,0.0,0.0,8.0,2.0,15.0,0.0,1.0,0.0,1.0,8
사당역,5,0.0,0.0,0.0,0.0,8.0,2.0,15.0,0.0,1.0,0.0,1.0,8
상계역,5,0.0,0.0,0.0,0.0,0.0,0.0,7.0,0.0,0.0,0.0,0.0,0
상계역,5,0.0,0.0,0.0,0.0,0.0,0.0,7.0,0.0,0.0,0.0,0.0,0
상봉역,5,0.0,0.0,0.0,0.0,0.0,0.0,3.0,1.0,1.0,0.0,0.0,0
상봉역,5,0.0,0.0,0.0,0.0,0.0,0.0,3.0,1.0,1.0,0.0,0.0,0
상수역,5,0.0,0.0,1.0,0.0,0.0,0.0,0.0,1.0,1.0,0.0,1.0,2
상수역,5,0.0,0.0,1.0,0.0,0.0,0.0,0.0,1.0,1.0,0.0,1.0,2
새절역,5,0.0,0.0,0.0,0.0,0.0,0.0,2.0,1.0,0.0,0.0,0.0,0
새절역,5,0.0,0.0,0.0,0.0,0.0,0.0,2.0,1.0,0.0,0.0,0.0,0
서대문역,5,0.0,2.0,0.0,0.0,1.0,0.0,0.0,2.0,1.0,0.0,0.0,11
서대문역,5,0.0,2.0,0.0,0.0,1.0,0.0,0.0,2.0,1.0,0.0,0.0,11
서초역,5,0.0,0.0,0.0,0.0,3.0,1.0,2.0,1.0,0.0,0.0,0.0,0
서초역,5,0.0,0.0,0.0,0.0,3.0,1.0,2.0,1.0,0.0,0.0,0.0,0
석계역,5,0.0,0.0,0.0,0.0,1.0,0.0,1.0,1.0,0.0,0.0,0.0,0
석계역,5,0.0,0.0,0.0,0.0,1.0,0.0,1.0,1.0,0.0,0.0,0.0,0
선릉역,5,0.0,0.0,0.0,0.0,5.0,1.0,6.0,0.0,1.0,0.0,1.0,8
선릉역,5,0.0,0.0,0.0,0.0,5.0,1.0,6.0,0.0,1.0,0.0,1.0,8
성수역,5,0.0,0.0,0.0,0.0,2.0,0.0,1.0,0.0,1.0,0.0,1.0,0
성수역,5,0.0,0.0,0.0,0.0,2.0,0.0,1.0,0.0,1.0,0.0,1.0,0
송정역,5,0.0,0.0,0.0,0.0,1.0,0.0,3.0,1.0,0.0,0.0,0.0,0
송정역,5,0.0,0.0,0.0,0.0,1.0,0.0,3.0,1.0,0.0,0.0,0.0,0
수락산역,5,0.0,0.0,0.0,1.0,0.0,0.0,1.0,1.0,0.0,0.0,0.0,0
수락산역,5,0.0,0.0,0.0,1.0,0.0,0.0,1.0,1.0,0.0,0.0,0.0,0
숙대입구역,5,0.0,0.0,0.0,0.0,1.0,0.0,0.0,0.0,0.0,0.0,0.0,0
숙대입구역,5,0.0,0.0,0.0,0.0,1.0,0.0,0.0,0.0,0.0,0.0,0.0,0
숭실대입구역,5,0.0,0.0,0.0,0.0,1.0,0.0,1.0,1.0,0.0,0.0,1.0,0
숭실대입구역,5,0.0,0.0,0.0,0.0,1.0,0.0,1.0,1.0,0.0,0.0,1.0,0
신금호역,5,0.0,0.0,0.0,0.0,0.0,0.0,0.0,1.0,0.0,0.0,0.0,0
신금호역,5,0.0,0.0,0.0,0.0,0.0,0.0,0.0,1.0,0.0,0.0,0.0,0
신당역,5,0.0,1.0,0.0,0.0,1.0,0.0,1.0,1.0,1.0,0.0,0.0,1
신당역,5,0.0,1.0,0.0,0.0,1.0,0.0,1.0,1.0,1.0,0.0,0.0,1
신대방삼거리역,5,0.0,1.0,1.0,0.0,0.0,0.0,4.0,1.0,0.0,0.0,1.0,4
신대방삼거리역,5,0.0,1.0,1.0,0.0,0.0,0.0,4.0,1.0,0.0,0.0,1.0,4
신대방역,5,0.0,0.0,0.0,0.0,1.0,0.0,0.0,1.0,0.0,0.0,0.0,0
신대방역,5,0.0,0.0,0.0,0.0,1.0,0.0,0.0,1.0,0.0,0.0,0.0,0
신사역,5,0.0,0.0,0.0,0.0,4.0,1.0,6.0,0.0,1.0,0.0,0.0,0
신사역,5,0.0,0.0,0.0,0.0,4.0,1.0,6.0,0.0,1.0,0.0,0.0,0
신용산역,5,0.0,0.0,0.0,0.0,2.0,0.0,2.0,0.0,2.0,0.0,0.0,0
신용산역,5,0.0,0.0,0.0,0.0,2.0,0.0,2.0,0.0,2.0,0.0,0.0,0
신정역,5,0.0,0.0,0.0,0.0,0.0,0.0,0.0,1.0,0.0,0.0,0.0,0
신정역,5,0.0,0.0,0.0,0.0,0.0,0.0,0.0,1.0,0.0,0.0,0.0,0
신촌역,5,0.0,0.0,0.0,0.0,2.0,1.0,1.0,1.0,0.0,0.0,1.0,0
신촌역,5,0.0,0.0,0.0,0.0,2.0,1.0,1.0,1.0,0.0,0.0,1.0,0
신풍역,5,0.0,0.0,0.0,0.0,0.0,0.0,1.0,1.0,0.0,0.0,0.0,0
신풍역,5,0.0,0.0,0.0,0.0,0.0,0.0,1.0,1.0,0.0,0.0,0.0,0
안암역,5,0.0,0.0,0.0,0.0,1.0,0.0,0.0,1.0,0.0,0.0,1.0,0
안암역,5,0.0,0.0,0.0,0.0,1.0,0.0,0.0,1.0,0.0,0.0,1.0,0
암사역,5,0.0,0.0,0.0,0.0,0.0,0.0,1.0,1.0,0.0,0.0,0.0,0
암사역,5,0.0,0.0,0.0,0.0,0.0,0.0,1.0,1.0,0.0,0.0,0.0,0
압구정역,5,0.0,0.0,0.0,0.0,2.0,0.0,0.0,0.0,1.0,0.0,1.0,0
압구정역,5,0.0,0.0,0.0,0.0,2.0,0.0,0.0,0.0,1.0,0.0,1.0,0
어린이대공원역,5,0.0,0.0,0.0,0.0,0.0,0.0,0.0,1.0,0.0,0.0,0.0,0
어린이대공원역,5,0.0,0.0,0.0,0.0,0.0,0.0,0.0,1.0,0.0,0.0,0.0,0
여의도역,5,0.0,0.0,0.0,0.0,1.0,0.0,0.0,1.0,1.0,0.0,0.0,0
여의도역,5,0.0,0.0,0.0,0.0,1.0,0.0,0.0,1.0,1.0,0.0,0.0,0
역삼역,5,0.0,0.0,0.0,0.0,4.0,3.0,0.0,1.0,0.0,0.0,0.0,0
역삼역,5,0.0,0.0,0.0,0.0,4.0,3.0,0.0,1.0,0.0,0.0,0.0,0
역촌역,5,0.0,0.0,0.0,0.0,0.0,0.0,0.0,1.0,0.0,0.0,0.0,0
역촌역,5,0.0,0.0,0.0,0.0,0.0,0.0,0.0,1.0,0.0,0.0,0.0,0
연신내역,5,0.0,0.0,0.0,0.0,2.0,1.0,2.0,1.0,0.0,0.0,0.0,0
연신내역,5,0.0,0.0,0.0,0.0,2.0,1.0,2.0,1.0,0.0,0.0,0.0,0
영등포구청역,5,1.0,0.0,0.0,0.0,6.0,0.0,1.0,1.0,0.0,0.0,0.0,0
영등포구청역,5,1.0,0.0,0.0,0.0,6.0,0.0,1.0,1.0,0.0,0.0,0.0,0
오목교역,5,0.0,0.0,0.0,0.0,14.0,0.0,8.0,1.0,2.0,0.0,0.0,7
오목교역,5,0.0,0.0,0.0,0.0,14.0,0.0,8.0,1.0,2.0,0.0,0.0,7
왕십리역,5,1.0,0.0,0.0,1.0,3.0,0.0,7.0,2.0,1.0,0.0,1.0,3
왕십리역,5,1.0,0.0,0.0,1.0,3.0,0.0,7.0,2.0,1.0,0.0,1.0,3
용마산역,5,0.0,0.0,0.0,0.0,0.0,0.0,0.0,1.0,0.0,0.0,1.0,0
용마산역,5,0.0,0.0,0.0,0.0,0.0,0.0,0.0,1.0,0.0,0.0,1.0,0
우장산역,5,0.0,1.0,0.0,1.0,0.0,0.0,2.0,1.0,0.0,0.0,0.0,1
우장산역,5,0.0,1.0,0.0,1.0,0.0,0.0,2.0,1.0,0.0,0.0,0.0,1
월곡역,5,0.0,0.0,0.0,0.0,2.0,0.0,1.0,1.0,0.0,0.0,1.0,0
월곡역,5,0.0,0.0,0.0,0.0,2.0,0.0,1.0,1.0,0.0,0.0,1.0,0
을지로3가역,5,0.0,0.0,0.0,0.0,4.0,0.0,4.0,0.0,2.0,0.0,0.0,0
을지로3가역,5,0.0,0.0,0.0,0.0,4.0,0.0,4.0,0.0,2.0,0.0,0.0,0
을지로4가역,5,0.0,0.0,0.0,2.0,2.0,0.0,5.0,1.0,0.0,0.0,0.0,0
을지로4가역,5,0.0,0.0,0.0,2.0,2.0,0.0,5.0,1.0,0.0,0.0,0.0,0
을지로입구역,5,0.0,0.0,0.0,0.0,4.0,0.0,2.0,1.0,1.0,0.0,0.0,0
을지로입구역,5,0.0,0.0,0.0,0.0,4.0,0.0,2.0,1.0,1.0,0.0,0.0,0
이수역,5,0.0,0.0,0.0,1.0,1.0,0.0,3.0,1.0,1.0,0.0,0.0,0
이수역,5,0.0,0.0,0.0,1.0,1.0,0.0,3.0,1.0,1.0,0.0,0.0,0
일원역,5,0.0,0.0,0.0,1.0,0.0,2.0,0.0,1.0,0.0,0.0,0.0,0
일원역,5,0.0,0.0,0.0,1.0,0.0,2.0,0.0,1.0,0.0,0.0,0.0,0
잠실새내역,5,0.0,0.0,0.0,0.0,0.0,0.0,1.0,1.0,0.0,0.0,0.0,0
잠실새내역,5,0.0,0.0,0.0,0.0,0.0,0.0,1.0,1.0,0.0,0.0,0.0,0
잠실역,5,0.0,0.0,0.0,0.0,21.0,3.0,10.0,3.0,0.0,0.0,1.0,12
잠실역,5,0.0,0.0,0.0,0.0,21.0,3.0,10.0,3.0,0.0,0.0,1.0,12
장지역,5,0.0,0.0,0.0,0.0,1.0,0.0,0.0,1.0,1.0,0.0,0.0,0
장지역,5,0.0,0.0,0.0,0.0,1.0,0.0,0.0,1.0,1.0,0.0,0.0,0
종각역,5,0.0,0.0,0.0,0.0,2.0,1.0,1.0,1.0,2.0,0.0,0.0,0
종각역,5,0.0,0.0,0.0,0.0,2.0,1.0,1.0,1.0,2.0,0.0,0.0,0
종로3가역,5,0.0,0.0,0.0,0.0,2.0,2.0,2.0,1.0,1.0,0.0,0.0,0
종로3가역,5,0.0,0.0,0.0,0.0,2.0,2.0,2.0,1.0,1.0,0.0,0.0,0
종합운동장역,5,0.0,0.0,0.0,0.0,2.0,0.0,0.0,2.0,0.0,0.0,0.0,0
종합운동장역,5,0.0,0.0,0.0,0.0,2.0,0.0,0.0,2.0,0.0,0.0,0.0,0
중화역,5,0.0,1.0,0.0,0.0,1.0,0.0,7.0,1.0,0.0,0.0,0.0,1
중화역,5,0.0,1.0,0.0,0.0,1.0,0.0,7.0,1.0,0.0,0.0,0.0,1
창동역,5,0.0,0.0,0.0,0.0,0.0,0.0,2.0,0.0,0.0,0.0,0.0,0
창동역,5,0.0,0.0,0.0,0.0,0.0,0.0,2.0,0.0,0.0,0.0,0.0,0
청담역,5,0.0,0.0,0.0,0.0,1.0,0.0,2.0,1.0,1.0,0.0,2.0,0
청담역,5,0.0,0.0,0.0,0.0,1.0,0.0,2.0,1.0,1.0,0.0,2.0,0
총신대입구역,5,0.0,1.0,0.0,1.0,4.0,0.0,4.0,0.0,0.0,0.0,1.0,1
총신대입구역,5,0.0,1.0,0.0,1.0,4.0,0.0,4.0,0.0,0.0,0.0,1.0,1
충무로역,5,0.0,0.0,0.0,1.0,1.0,0.0,0.0,2.0,1.0,0.0,1.0,0
충무로역,5,0.0,0.0,0.0,1.0,1.0,0.0,0.0,2.0,1.0,0.0,1.0,0
충정로역,5,0.0,1.0,0.0,1.0,1.0,0.0,2.0,1.0,0.0,0.0,1.0,1
충정로역,5,0.0,1.0,0.0,1.0,1.0,0.0,2.0,1.0,0.0,0.0,1.0,1
태릉입구역,5,0.0,1.0,0.0,0.0,1.0,0.0,7.0,1.0,1.0,0.0,1.0,1
태릉입구역,5,0.0,1.0,0.0,0.0,1.0,0.0,7.0,1.0,1.0,0.0,1.0,1
학동역,5,0.0,0.0,0.0,0.0,3.0,2.0,2.0,1.0,1.0,0.0,0.0,0
학동역,5,0.0,0.0,0.0,0.0,3.0,2.0,2.0,1.0,1.0,0.0,0.0,0
한양대역,5,0.0,0.0,0.0,1.0,1.0,0.0,0.0,1.0,0.0,0.0,0.0,0
한양대역,5,0.0,0.0,0.0,1.0,1.0,0.0,0.0,1.0,0.0,0.0,0.0,0
합정역,5,0.0,1.0,0.0,0.0,5.0,4.0,9.0,2.0,3.0,0.0,2.0,10
합정역,5,0.0,1.0,0.0,0.0,5.0,4.0,9.0,2.0,3.0,0.0,2.0,10
행당역,5,0.0,0.0,0.0,0.0,1.0,0.0,0.0,1.0,1.0,0.0,0.0,0
행당역,5,0.0,0.0,0.0,0.0,1.0,0.0,0.0,1.0,1.0,0.0,0.0,0
홍제역,5,0.0,0.0,0.0,0.0,1.0,0.0,0.0,0.0,0.0,0.0,0.0,0
홍제역,5,0.0,0.0,0.0,0.0,1.0,0.0,0.0,0.0,0.0,0.0,0.0,0
회현역,5,0.0,0.0,0.0,0.0,0.0,0.0,2.0,0.0,0.0,0.0,0.0,0
회현역,5,0.0,0.0,0.0,0.0,0.0,0.0,2.0,0.0,0.0,0.0,0.0,0
효창공원앞역,5,0.0,0.0,0.0,0.0,0.0,0.0,0.0,1.0,0.0,0.0,1.0,0
효창공원앞역,5,0.0,0.0,0.0,0.0,0.0,0.0,0.0,1.0,0.0,0.0,1.0,0
강남역,6,0.0,0.0,0.0,0.0,1.0,1.0,1.0,0.0,0.0,0.0,1.0,0
강남역,6,0.0,0.0,0.0,0.0,1.0,1.0,1.0,0.0,0.0,0.0,1.0,0
강동구청역,6,0.0,0.0,0.0,0.0,1.0,0.0,1.0,1.0,0.0,0.0,0.0,0
강동구청역,6,0.0,0.0,0.0,0.0,1.0,0.0,1.0,1.0,0.0,0.0,0.0,0
강동역,6,0.0,0.0,0.0,0.0,1.0,0.0,2.0,1.0,0.0,0.0,0.0,0
강동역,6,0.0,0.0,0.0,0.0,1.0,0.0,2.0,1.0,0.0,0.0,0.0,0
건대입구역,6,0.0,0.0,0.0,0.0,5.0,2.0,1.0,2.0,3.0,0.0,0.0,9
건대입구역,6,0.0,0.0,0.0,0.0,5.0,2.0,1.0,2.0,3.0,0.0,0.0,9
공덕역,6,2.0,1.0,0.0,0.0,6.0,0.0,11.0,2.0,4.0,0.0,1.0,13
공덕역,6,2.0,1.0,0.0,0.0,6.0,0.0,11.0,2.0,4.0,0.0,1.0,13
광명사거리역,6,0.0,1.0,0.0,0.0,2.0,0.0,1.0,1.0,1.0,0.0,1.0,1
광명사거리역,6,0.0,1.0,0.0,0.0,2.0,0.0,1.0,1.0,1.0,0.0,1.0,1
광흥창역,6,0.0,0.0,0.0,0.0,0.0,0.0,0.0,1.0,0.0,0.0,0.0,0
광흥창역,6,0.0,0.0,0.0,0.0,0.0,0.0,0.0,1.0,0.0,0.0,0.0,0
교대역,6,0.0,0.0,0.0,4.0,5.0,0.0,1.0,1.0,2.0,0.0,0.0,6
교대역,6,0.0,0.0,0.0,4.0,5.0,0.0,1.0,1.0,2.0,0.0,0.0,6
군자역,6,0.0,0.0,0.0,0.0,2.0,0.0,5.0,1.0,1.0,0.0,1.0,0
군자역,6,0.0,0.0,0.0,0.0,2.0,0.0,5.0,1.0,1.0,0.0,1.0,0
굽은다리역,6,0.0,0.0,0.0,0.0,1.0,0.0,1.0,1.0,0.0,0.0,0.0,0
굽은다리역,6,0.0,0.0,0.0,0.0,1.0,0.0,1.0,1.0,0.0,0.0,0.0,0
낙성대역,6,0.0,0.0,0.0,0.0,0.0,0.0,2.0,0.0,0.0,0.0,0.0,0
낙성대역,6,0.0,0.0,0.0,0.0,0.0,0.0,2.0,0.0,0.0,0.0,0.0,0
남구로역,6,0.0,0.0,0.0,0.0,0.0,0.0,2.0,1.0,0.0,0.0,0.0,0
남구로역,6,0.0,0.0,0.0,0.0,0.0,0.0,2.0,1.0,0.0,0.0,0.0,0
노원역,6,0.0,0.0,0.0,2.0,3.0,0.0,13.0,1.0,1.0,0.0,0.0,3
노원역,6,0.0,0.0,0.0,2.0,3.0,0.0,13.0,1.0,1.0,0.0,0.0,3
논현역,6,0.0,0.0,0.0,0.0,3.0,2.0,4.0,1.0,0.0,0.0,1.0,0
논현역,6,0.0,0.0,0.0,0.0,3.0,2.0,4.0,1.0,0.0,0.0,1.0,0
당산역,6,0.0,0.0,0.0,0.0,2.0,0.0,0.0,1.0,0.0,0.0,0.0,0
당산역,6,0.0,0.0,0.0,0.0,2.0,0.0,0.0,1.0,0.0,0.0,0.0,0
대림역,6,0.0,0.0,0.0,0.0,3.0,0.0,8.0,2.0,2.0,0.0,1.0,3
대림역,6,0.0,0.0,0.0,0.0,3.0,0.0,8.0,2.0,2.0,0.0,1.0,3
대청역,6,0.0,0.0,0.0,0.0,1.0,0.0,0.0,0.0,0.0,0.0,0.0,0
대청역,6,0.0,0.0,0.0,0.0,1.0,0.0,0.0,0.0,0.0,0.0,0.0,0
독바위역,6,0.0,0.0,0.0,0.0,0.0,0.0,0.0,1.0,0.0,0.0,0.0,0
독바위역,6,0.0,0.0,0.0,0.0,0.0,0.0,0.0,1.0,0.0,0.0,0.0,0
동대문역,6,0.0,0.0,0.0,0.0,2.0,0.0,7.0,0.0,0.0,0.0,0.0,0
동대문역,6,0.0,0.0,0.0,0.0,2.0,0.0,7.0,0.0,0.0,0.0,0.0,0
동대입구역,6,0.0,0.0,0.0,1.0,1.0,0.0,0.0,1.0,0.0,0.0,0.0,0
동대입구역,6,0.0,0.0,0.0,1.0,1.0,0.0,0.0,1.0,0.0,0.0,0.0,0
동묘앞역,6,0.0,0.0,0.0,0.0,1.0,0.0,0.0,1.0,0.0,0.0,1.0,0
동묘앞역,6,0.0,0.0,0.0,0.0,1.0,0.0,0.0,1.0,0.0,0.0,1.0,0
디지털미디어시티역,6,0.0,0.0,0.0,0.0,0.0,2.0,2.0,1.0,0.0,0.0,1.0,0
디지털미디어시티역,6,0.0,0.0,0.0,0.0,0.0,2.0,2.0,1.0,0.0,0.0,1.0,0
마포구청역,6,0.0,0.0,0.0,1.0,0.0,0.0,1.0,1.0,0.0,0.0,1.0,0
마포구청역,6,0.0,0.0,0.0,1.0,0.0,0.0,1.0,1.0,0.0,0.0,1.0,0
면목역,6,0.0,1.0,1.0,0.0,1.0,2.0,6.0,1.0,0.0,0.0,0.0,5
면목역,6,0.0,1.0,1.0,0.0,1.0,2.0,6.0,1.0,0.0,0.0,0.0,5
미아사거리역,6,0.0,0.0,0.0,0.0,2.0,1.0,12.0,0.0,0.0,0.0,0.0,8
미아사거리역,6,0.0,0.0,0.0,0.0,2.0,1.0,12.0,0.0,0.0,0.0,0.0,8
미아역,6,0.0,0.0,0.0,0.0,0.0,0.0,0.0,1.0,0.0,0.0,0.0,0
미아역,6,0.0,0.0,0.0,0.0,0.0,0.0,0.0,1.0,0.0,0.0,0.0,0
봉화산역,6,0.0,0.0,0.0,0.0,0.0,0.0,0.0,1.0,0.0,0.0,0.0,0
봉화산역,6,0.0,0.0,0.0,0.0,0.0,0.0,0.0,1.0,0.0,0.0,0.0,0
불광역,6,0.0,1.0,0.0,0.0,2.0,0.0,2.0,1.0,0.0,0.0,1.0,1
불광역,6,0.0,1.0,0.0,0.0,2.0,0.0,2.0,1.0,0.0,0.0,1.0,1
사가정역,6,0.0,0.0,0.0,1.0,1.0,0.0,3.0,1.0,1.0,0.0,0.0,0
사가정역,6,0.0,0.0,0.0,1.0,1.0,0.0,3.0,1.0,1.0,0.0,0.0,0
사당역,6,0.0,0.0,0.0,0.0,8.0,2.0,15.0,0.0,1.0,0.0,1.0,8
사당역,6,0.0,0.0,0.0,0.0,8.0,2.0,15.0,0.0,1.0,0.0,1.0,8
삼각지역,6,0.0,0.0,0.0,1.0,1.0,0.0,0.0,1.0,0.0,0.0,0.0,0
삼각지역,6,0.0,0.0,0.0,1.0,1.0,0.0,0.0,1.0,0.0,0.0,0.0,0
상계역,6,0.0,0.0,0.0,0.0,0.0,0.0,7.0,0.0,0.0,0.0,0.0,0
상계역,6,0.0,0.0,0.0,0.0,0.0,0.0,7.0,0.0,0.0,0.0,0.0,0
상봉역,6,0.0,0.0,0.0,0.0,0.0,0.0,3.0,1.0,1.0,0.0,0.0,0
상봉역,6,0.0,0.0,0.0,0.0,0.0,0.0,3.0,1.0,1.0,0.0,0.0,0
상수역,6,0.0,0.0,1.0,0.0,0.0,0.0,0.0,1.0,1.0,0.0,1.0,2
상수역,6,0.0,0.0,1.0,0.0,0.0,0.0,0.0,1.0,1.0,0.0,1.0,2
새절역,6,0.0,0.0,0.0,0.0,0.0,0.0,2.0,1.0,0.0,0.0,0.0,0
새절역,6,0.0,0.0,0.0,0.0,0.0,0.0,2.0,1.0,0.0,0.0,0.0,0
서대문역,6,0.0,2.0,0.0,0.0,1.0,0.0,1.0,2.0,1.0,0.0,0.0,11
서대문역,6,0.0,2.0,0.0,0.0,1.0,0.0,1.0,2.0,1.0,0.0,0.0,11
서초역,6,0.0,0.0,0.0,0.0,3.0,1.0,2.0,1.0,0.0,0.0,0.0,0
서초역,6,0.0,0.0,0.0,0.0,3.0,1.0,2.0,1.0,0.0,0.0,0.0,0
석계역,6,0.0,0.0,0.0,0.0,1.0,0.0,1.0,1.0,0.0,0.0,0.0,0
석계역,6,0.0,0.0,0.0,0.0,1.0,0.0,1.0,1.0,0.0,0.0,0.0,0
선릉역,6,0.0,0.0,0.0,0.0,5.0,1.0,6.0,0.0,1.0,0.0,1.0,8
선릉역,6,0.0,0.0,0.0,0.0,5.0,1.0,6.0,0.0,1.0,0.0,1.0,8
성수역,6,0.0,0.0,0.0,0.0,2.0,0.0,1.0,0.0,1.0,0.0,1.0,0
성수역,6,0.0,0.0,0.0,0.0,2.0,0.0,1.0,0.0,1.0,0.0,1.0,0
송정역,6,0.0,0.0,0.0,0.0,1.0,0.0,3.0,1.0,0.0,0.0,0.0,0
송정역,6,0.0,0.0,0.0,0.0,1.0,0.0,3.0,1.0,0.0,0.0,0.0,0
수락산역,6,0.0,0.0,0.0,1.0,0.0,0.0,1.0,1.0,0.0,0.0,0.0,0
수락산역,6,0.0,0.0,0.0,1.0,0.0,0.0,1.0,1.0,0.0,0.0,0.0,0
숙대입구역,6,0.0,0.0,0.0,0.0,1.0,0.0,0.0,0.0,0.0,0.0,0.0,0
숙대입구역,6,0.0,0.0,0.0,0.0,1.0,0.0,0.0,0.0,0.0,0.0,0.0,0
숭실대입구역,6,0.0,0.0,0.0,0.0,1.0,0.0,1.0,1.0,0.0,0.0,1.0,0
숭실대입구역,6,0.0,0.0,0.0,0.0,1.0,0.0,1.0,1.0,0.0,0.0,1.0,0
신금호역,6,0.0,0.0,0.0,0.0,0.0,0.0,0.0,1.0,0.0,0.0,0.0,0
신금호역,6,0.0,0.0,0.0,0.0,0.0,0.0,0.0,1.0,0.0,0.0,0.0,0
신당역,6,0.0,1.0,0.0,0.0,1.0,0.0,1.0,1.0,1.0,0.0,0.0,1
신당역,6,0.0,1.0,0.0,0.0,1.0,0.0,1.0,1.0,1.0,0.0,0.0,1
신대방삼거리역,6,0.0,1.0,1.0,0.0,0.0,0.0,4.0,1.0,0.0,0.0,1.0,4
신대방삼거리역,6,0.0,1.0,1.0,0.0,0.0,0.0,4.0,1.0,0.0,0.0,1.0,4
신대방역,6,0.0,0.0,0.0,0.0,1.0,0.0,0.0,1.0,0.0,0.0,0.0,0
신대방역,6,0.0,0.0,0.0,0.0,1.0,0.0,0.0,1.0,0.0,0.0,0.0,0
신사역,6,0.0,0.0,0.0,0.0,4.0,1.0,6.0,0.0,1.0,0.0,0.0,0
신사역,6,0.0,0.0,0.0,0.0,4.0,1.0,6.0,0.0,1.0,0.0,0.0,0
신용산역,6,0.0,0.0,0.0,0.0,2.0,0.0,2.0,0.0,2.0,0.0,0.0,0
신용산역,6,0.0,0.0,0.0,0.0,2.0,0.0,2.0,0.0,2.0,0.0,0.0,0
신정역,6,0.0,0.0,0.0,0.0,0.0,0.0,0.0,1.0,0.0,0.0,0.0,0
신정역,6,0.0,0.0,0.0,0.0,0.0,0.0,0.0,1.0,0.0,0.0,0.0,0
신촌역,6,0.0,0.0,0.0,0.0,1.0,1.0,1.0,1.0,0.0,0.0,1.0,0
신촌역,6,0.0,0.0,0.0,0.0,1.0,1.0,1.0,1.0,0.0,0.0,1.0,0
신풍역,6,0.0,0.0,0.0,0.0,0.0,0.0,1.0,1.0,0.0,0.0,0.0,0
신풍역,6,0.0,0.0,0.0,0.0,0.0,0.0,1.0,1.0,0.0,0.0,0.0,0
안암역,6,0.0,0.0,0.0,0.0,1.0,0.0,0.0,1.0,0.0,0.0,1.0,0
안암역,6,0.0,0.0,0.0,0.0,1.0,0.0,0.0,1.0,0.0,0.0,1.0,0
암사역,6,0.0,0.0,0.0,0.0,0.0,0.0,1.0,1.0,0.0,0.0,0.0,0
암사역,6,0.0,0.0,0.0,0.0,0.0,0.0,1.0,1.0,0.0,0.0,0.0,0
압구정역,6,0.0,0.0,0.0,0.0,2.0,0.0,0.0,0.0,1.0,0.0,1.0,0
압구정역,6,0.0,0.0,0.0,0.0,2.0,0.0,0.0,0.0,1.0,0.0,1.0,0
어린이대공원역,6,0.0,0.0,0.0,0.0,0.0,0.0,0.0,1.0,0.0,0.0,0.0,0
어린이대공원역,6,0.0,0.0,0.0,0.0,0.0,0.0,0.0,1.0,0.0,0.0,0.0,0
여의도역,6,0.0,0.0,0.0,0.0,1.0,0.0,0.0,1.0,1.0,0.0,0.0,0
여의도역,6,0.0,0.0,0.0,0.0,1.0,0.0,0.0,1.0,1.0,0.0,0.0,0
역삼역,6,0.0,0.0,0.0,0.0,4.0,3.0,0.0,1.0,0.0,0.0,0.0,0
역삼역,6,0.0,0.0,0.0,0.0,4.0,3.0,0.0,1.0,0.0,0.0,0.0,0
역촌역,6,0.0,0.0,0.0,0.0,0.0,0.0,0.0,1.0,0.0,0.0,0.0,0
역촌역,6,0.0,0.0,0.0,0.0,0.0,0.0,0.0,1.0,0.0,0.0,0.0,0
연신내역,6,0.0,0.0,0.0,0.0,2.0,1.0,2.0,1.0,0.0,0.0,0.0,0
연신내역,6,0.0,0.0,0.0,0.0,2.0,1.0,2.0,1.0,0.0,0.0,0.0,0
영등포구청역,6,1.0,0.0,0.0,0.0,6.0,0.0,1.0,1.0,0.0,0.0,0.0,0
영등포구청역,6,1.0,0.0,0.0,0.0,6.0,0.0,1.0,1.0,0.0,0.0,0.0,0
오목교역,6,0.0,0.0,0.0,0.0,14.0,0.0,8.0,1.0,2.0,0.0,0.0,7
오목교역,6,0.0,0.0,0.0,0.0,14.0,0.0,8.0,1.0,2.0,0.0,0.0,7
왕십리역,6,1.0,0.0,0.0,1.0,3.0,0.0,9.0,1.0,1.0,0.0,1.0,3
왕십리역,6,1.0,0.0,0.0,1.0,3.0,0.0,9.0,1.0,1.0,0.0,1.0,3
용마산역,6,0.0,0.0,0.0,0.0,0.0,0.0,0.0,1.0,0.0,0.0,1.0,0
용마산역,6,0.0,0.0,0.0,0.0,0.0,0.0,0.0,1.0,0.0,0.0,1.0,0
우장산역,6,0.0,1.0,0.0,1.0,0.0,0.0,2.0,1.0,0.0,0.0,0.0,1
우장산역,6,0.0,1.0,0.0,1.0,0.0,0.0,2.0,1.0,0.0,0.0,0.0,1
월곡역,6,0.0,0.0,0.0,0.0,2.0,0.0,1.0,1.0,0.0,0.0,1.0,0
월곡역,6,0.0,0.0,0.0,0.0,2.0,0.0,1.0,1.0,0.0,0.0,1.0,0
을지로3가역,6,0.0,0.0,0.0,0.0,4.0,0.0,4.0,0.0,2.0,0.0,0.0,0
을지로3가역,6,0.0,0.0,0.0,0.0,4.0,0.0,4.0,0.0,2.0,0.0,0.0,0
을지로4가역,6,0.0,0.0,0.0,2.0,2.0,0.0,5.0,1.0,0.0,0.0,0.0,0
을지로4가역,6,0.0,0.0,0.0,2.0,2.0,0.0,5.0,1.0,0.0,0.0,0.0,0
을지로입구역,6,0.0,0.0,0.0,0.0,4.0,0.0,2.0,1.0,1.0,0.0,0.0,0
을지로입구역,6,0.0,0.0,0.0,0.0,4.0,0.0,2.0,1.0,1.0,0.0,0.0,0
이수역,6,0.0,0.0,0.0,1.0,1.0,0.0,4.0,1.0,1.0,0.0,0.0,0
이수역,6,0.0,0.0,0.0,1.0,1.0,0.0,4.0,1.0,1.0,0.0,0.0,0
잠실역,6,0.0,0.0,0.0,0.0,21.0,3.0,10.0,3.0,0.0,0.0,1.0,12
잠실역,6,0.0,0.0,0.0,0.0,21.0,3.0,10.0,3.0,0.0,0.0,1.0,12
장지역,6,0.0,0.0,0.0,0.0,1.0,0.0,0.0,1.0,1.0,0.0,0.0,0
장지역,6,0.0,0.0,0.0,0.0,1.0,0.0,0.0,1.0,1.0,0.0,0.0,0
종각역,6,0.0,0.0,0.0,0.0,2.0,1.0,1.0,1.0,2.0,0.0,0.0,0
종각역,6,0.0,0.0,0.0,0.0,2.0,1.0,1.0,1.0,2.0,0.0,0.0,0
종로3가역,6,0.0,0.0,0.0,0.0,2.0,2.0,2.0,1.0,1.0,0.0,0.0,0
종로3가역,6,0.0,0.0,0.0,0.0,2.0,2.0,2.0,1.0,1.0,0.0,0.0,0
중화역,6,0.0,1.0,0.0,0.0,1.0,0.0,8.0,1.0,0.0,0.0,0.0,1
중화역,6,0.0,1.0,0.0,0.0,1.0,0.0,8.0,1.0,0.0,0.0,0.0,1
창동역,6,0.0,0.0,0.0,0.0,0.0,0.0,2.0,0.0,0.0,0.0,0.0,0
창동역,6,0.0,0.0,0.0,0.0,0.0,0.0,2.0,0.0,0.0,0.0,0.0,0
청담역,6,0.0,0.0,0.0,0.0,1.0,0.0,2.0,1.0,1.0,0.0,2.0,0
청담역,6,0.0,0.0,0.0,0.0,1.0,0.0,2.0,1.0,1.0,0.0,2.0,0
총신대입구역,6,0.0,1.0,0.0,1.0,4.0,0.0,4.0,0.0,0.0,0.0,1.0,1
총신대입구역,6,0.0,1.0,0.0,1.0,4.0,0.0,4.0,0.0,0.0,0.0,1.0,1
충무로역,6,0.0,0.0,0.0,1.0,1.0,0.0,0.0,2.0,1.0,0.0,1.0,0
충무로역,6,0.0,0.0,0.0,1.0,1.0,0.0,0.0,2.0,1.0,0.0,1.0,0
충정로역,6,0.0,1.0,0.0,1.0,1.0,0.0,2.0,1.0,0.0,0.0,1.0,1
충정로역,6,0.0,1.0,0.0,1.0,1.0,0.0,2.0,1.0,0.0,0.0,1.0,1
태릉입구역,6,0.0,1.0,0.0,0.0,1.0,0.0,7.0,1.0,1.0,0.0,1.0,1
태릉입구역,6,0.0,1.0,0.0,0.0,1.0,0.0,7.0,1.0,1.0,0.0,1.0,1
학동역,6,0.0,0.0,0.0,0.0,3.0,2.0,2.0,1.0,1.0,0.0,0.0,0
학동역,6,0.0,0.0,0.0,0.0,3.0,2.0,2.0,1.0,1.0,0.0,0.0,0
합정역,6,0.0,1.0,0.0,0.0,5.0,4.0,9.0,2.0,3.0,0.0,2.0,10
합정역,6,0.0,1.0,0.0,0.0,5.0,4.0,9.0,2.0,3.0,0.0,2.0,10
행당역,6,0.0,0.0,0.0,0.0,1.0,0.0,0.0,1.0,1.0,0.0,0.0,0
행당역,6,0.0,0.0,0.0,0.0,1.0,0.0,0.0,1.0,1.0,0.0,0.0,0
홍제역,6,0.0,0.0,0.0,0.0,1.0,0.0,0.0,0.0,0.0,0.0,0.0,0
홍제역,6,0.0,0.0,0.0,0.0,1.0,0.0,0.0,0.0,0.0,0.0,0.0,0
회현역,6,0.0,0.0,0.0,0.0,0.0,0.0,2.0,0.0,0.0,0.0,0.0,0
회현역,6,0.0,0.0,0.0,0.0,0.0,0.0,2.0,0.0,0.0,0.0,0.0,0
효창공원앞역,6,0.0,0.0,0.0,0.0,0.0,0.0,1.0,1.0,0.0,0.0,1.0,0
효창공원앞역,6,0.0,0.0,0.0,0.0,0.0,0.0,1.0,1.0,0.0,0.0,1.0,0
강남역,7,0.0,0.0,0.0,0.0,1.0,1.0,1.0,0.0,0.0,0.0,1.0,0
강남역,7,0.0,0.0,0.0,0.0,1.0,1.0,1.0,0.0,0.0,0.0,1.0,0
강동구청역,7,0.0,0.0,0.0,0.0,1.0,0.0,1.0,1.0,0.0,0.0,0.0,0
강동구청역,7,0.0,0.0,0.0,0.0,1.0,0.0,1.0,1.0,0.0,0.0,0.0,0
강동역,7,0.0,0.0,0.0,0.0,1.0,0.0,2.0,1.0,0.0,0.0,0.0,0
강동역,7,0.0,0.0,0.0,0.0,1.0,0.0,2.0,1.0,0.0,0.0,0.0,0
강일역,7,0.0,0.0,0.0,0.0,0.0,0.0,0.0,0.0,0.0,0.0,0.0,0
강일역,7,0.0,0.0,0.0,0.0,0.0,0.0,0.0,0.0,0.0,0.0,0.0,0
건대입구역,7,0.0,0.0,0.0,0.0,5.0,2.0,1.0,2.0,3.0,0.0,0.0,9
건대입구역,7,0.0,0.0,0.0,0.0,5.0,2.0,1.0,2.0,3.0,0.0,0.0,9
공덕역,7,2.0,1.0,0.0,0.0,6.0,0.0,11.0,2.0,4.0,0.0,1.0,13
공덕역,7,2.0,1.0,0.0,0.0,6.0,0.0,11.0,2.0,4.0,0.0,1.0,13
광명사거리역,7,0.0,1.0,0.0,0.0,2.0,0.0,1.0,1.0,1.0,0.0,1.0,1
광명사거리역,7,0.0,1.0,0.0,0.0,2.0,0.0,1.0,1.0,1.0,0.0,1.0,1
광흥창역,7,0.0,0.0,0.0,0.0,0.0,0.0,0.0,1.0,0.0,0.0,0.0,0
광흥창역,7,0.0,0.0,0.0,0.0,0.0,0.0,0.0,1.0,0.0,0.0,0.0,0
교대역,7,0.0,0.0,0.0,4.0,6.0,0.0,1.0,1.0,2.0,0.0,0.0,6
교대역,7,0.0,0.0,0.0,4.0,6.0,0.0,1.0,1.0,2.0,0.0,0.0,6
군자역,7,0.0,0.0,0.0,0.0,2.0,0.0,5.0,1.0,1.0,0.0,1.0,0
군자역,7,0.0,0.0,0.0,0.0,2.0,0.0,5.0,1.0,1.0,0.0,1.0,0
굽은다리역,7,0.0,0.0,0.0,0.0,1.0,0.0,1.0,1.0,0.0,0.0,0.0,0
굽은다리역,7,0.0,0.0,0.0,0.0,1.0,0.0,1.0,1.0,0.0,0.0,0.0,0
낙성대역,7,0.0,0.0,0.0,0.0,0.0,0.0,2.0,0.0,0.0,0.0,0.0,0
낙성대역,7,0.0,0.0,0.0,0.0,0.0,0.0,2.0,0.0,0.0,0.0,0.0,0
남구로역,7,0.0,0.0,0.0,0.0,0.0,0.0,2.0,1.0,0.0,0.0,0.0,0
남구로역,7,0.0,0.0,0.0,0.0,0.0,0.0,2.0,1.0,0.0,0.0,0.0,0
남위례역,7,0.0,0.0,0.0,0.0,0.0,0.0,0.0,0.0,0.0,0.0,0.0,0
남위례역,7,0.0,0.0,0.0,0.0,0.0,0.0,0.0,0.0,0.0,0.0,0.0,0
노원역,7,0.0,0.0,0.0,2.0,3.0,0.0,13.0,1.0,1.0,0.0,0.0,3
노원역,7,0.0,0.0,0.0,2.0,3.0,0.0,13.0,1.0,1.0,0.0,0.0,3
논현역,7,0.0,0.0,0.0,0.0,3.0,2.0,4.0,1.0,0.0,0.0,1.0,0
논현역,7,0.0,0.0,0.0,0.0,3.0,2.0,4.0,1.0,0.0,0.0,1.0,0
당산역,7,0.0,0.0,0.0,0.0,2.0,0.0,0.0,1.0,0.0,0.0,0.0,0
당산역,7,0.0,0.0,0.0,0.0,2.0,0.0,0.0,1.0,0.0,0.0,0.0,0
대림역,7,0.0,0.0,0.0,0.0,3.0,0.0,8.0,2.0,2.0,0.0,1.0,3
대림역,7,0.0,0.0,0.0,0.0,3.0,0.0,8.0,2.0,2.0,0.0,1.0,3
대청역,7,0.0,0.0,0.0,0.0,1.0,0.0,0.0,0.0,0.0,0.0,0.0,0
대청역,7,0.0,0.0,0.0,0.0,1.0,0.0,0.0,0.0,0.0,0.0,0.0,0
동대문역,7,0.0,0.0,0.0,0.0,2.0,0.0,7.0,0.0,0.0,0.0,0.0,0
동대문역,7,0.0,0.0,0.0,0.0,2.0,0.0,7.0,0.0,0.0,0.0,0.0,0
동대입구역,7,0.0,0.0,0.0,1.0,1.0,0.0,0.0,1.0,0.0,0.0,0.0,0
동대입구역,7,0.0,0.0,0.0,1.0,1.0,0.0,0.0,1.0,0.0,0.0,0.0,0
동묘앞역,7,0.0,0.0,0.0,0.0,1.0,0.0,0.0,1.0,0.0,0.0,1.0,0
동묘앞역,7,0.0,0.0,0.0,0.0,1.0,0.0,0.0,1.0,0.0,0.0,1.0,0
디지털미디어시티역,7,0.0,0.0,0.0,0.0,0.0,2.0,2.0,1.0,0.0,0.0,1.0,0
디지털미디어시티역,7,0.0,0.0,0.0,0.0,0.0,2.0,2.0,1.0,0.0,0.0,1.0,0
마포구청역,7,0.0,0.0,0.0,1.0,0.0,0.0,1.0,1.0,0.0,0.0,1.0,0
마포구청역,7,0.0,0.0,0.0,1.0,0.0,0.0,1.0,1.0,0.0,0.0,1.0,0
면목역,7,0.0,1.0,1.0,0.0,1.0,2.0,6.0,1.0,0.0,0.0,0.0,5
면목역,7,0.0,1.0,1.0,0.0,1.0,2.0,6.0,1.0,0.0,0.0,0.0,5
미아사거리역,7,0.0,0.0,0.0,0.0,2.0,1.0,12.0,0.0,0.0,0.0,0.0,8
미아사거리역,7,0.0,0.0,0.0,0.0,2.0,1.0,12.0,0.0,0.0,0.0,0.0,8
미아역,7,0.0,0.0,0.0,0.0,0.0,0.0,0.0,1.0,0.0,0.0,0.0,0
미아역,7,0.0,0.0,0.0,0.0,0.0,0.0,0.0,1.0,0.0,0.0,0.0,0
봉화산역,7,0.0,0.0,0.0,0.0,0.0,0.0,0.0,1.0,0.0,0.0,0.0,0
봉화산역,7,0.0,0.0,0.0,0.0,0.0,0.0,0.0,1.0,0.0,0.0,0.0,0
불광역,7,0.0,1.0,0.0,0.0,2.0,0.0,2.0,1.0,0.0,0.0,1.0,1
불광역,7,0.0,1.0,0.0,0.0,2.0,0.0,2.0,1.0,0.0,0.0,1.0,1
사가정역,7,0.0,0.0,0.0,1.0,1.0,0.0,3.0,1.0,1.0,0.0,0.0,0
사가정역,7,0.0,0.0,0.0,1.0,1.0,0.0,3.0,1.0,1.0,0.0,0.0,0
사당역,7,0.0,0.0,0.0,0.0,8.0,2.0,15.0,0.0,2.0,0.0,1.0,8
사당역,7,0.0,0.0,0.0,0.0,8.0,2.0,15.0,0.0,2.0,0.0,1.0,8
삼각지역,7,0.0,0.0,0.0,1.0,1.0,0.0,0.0,1.0,0.0,0.0,0.0,0
삼각지역,7,0.0,0.0,0.0,1.0,1.0,0.0,0.0,1.0,0.0,0.0,0.0,0
상계역,7,0.0,0.0,0.0,0.0,0.0,0.0,7.0,0.0,0.0,0.0,0.0,0
상계역,7,0.0,0.0,0.0,0.0,0.0,0.0,7.0,0.0,0.0,0.0,0.0,0
상봉역,7,0.0,0.0,0.0,0.0,0.0,0.0,3.0,1.0,1.0,0.0,0.0,0
상봉역,7,0.0,0.0,0.0,0.0,0.0,0.0,3.0,1.0,1.0,0.0,0.0,0
상수역,7,0.0,0.0,1.0,0.0,0.0,0.0,0.0,1.0,1.0,0.0,1.0,2
상수역,7,0.0,0.0,1.0,0.0,0.0,0.0,0.0,1.0,1.0,0.0,1.0,2
새절역,7,0.0,0.0,0.0,0.0,0.0,0.0,2.0,1.0,0.0,0.0,0.0,0
새절역,7,0.0,0.0,0.0,0.0,0.0,0.0,2.0,1.0,0.0,0.0,0.0,0
서대문역,7,0.0,2.0,0.0,0.0,1.0,0.0,1.0,2.0,1.0,0.0,0.0,11
서대문역,7,0.0,2.0,0.0,0.0,1.0,0.0,1.0,2.0,1.0,0.0,0.0,11
서초역,7,0.0,0.0,0.0,0.0,3.0,1.0,2.0,1.0,0.0,0.0,0.0,0
서초역,7,0.0,0.0,0.0,0.0,3.0,1.0,2.0,1.0,0.0,0.0,0.0,0
석계역,7,0.0,0.0,0.0,0.0,1.0,0.0,1.0,1.0,0.0,0.0,0.0,0
석계역,7,0.0,0.0,0.0,0.0,1.0,0.0,1.0,1.0,0.0,0.0,0.0,0
선릉역,7,0.0,0.0,0.0,0.0,5.0,1.0,6.0,0.0,1.0,0.0,1.0,8
선릉역,7,0.0,0.0,0.0,0.0,5.0,1.0,6.0,0.0,1.0,0.0,1.0,8
성수역,7,0.0,0.0,0.0,0.0,2.0,0.0,1.0,0.0,1.0,0.0,1.0,0
성수역,7,0.0,0.0,0.0,0.0,2.0,0.0,1.0,0.0,1.0,0.0,1.0,0
송정역,7,0.0,0.0,0.0,0.0,1.0,0.0,3.0,1.0,0.0,0.0,0.0,0
송정역,7,0.0,0.0,0.0,0.0,1.0,0.0,3.0,1.0,0.0,0.0,0.0,0
수락산역,7,0.0,0.0,0.0,1.0,0.0,0.0,1.0,1.0,0.0,0.0,0.0,0
수락산역,7,0.0,0.0,0.0,1.0,0.0,0.0,1.0,1.0,0.0,0.0,0.0,0
숙대입구역,7,0.0,0.0,0.0,0.0,1.0,0.0,0.0,0.0,0.0,0.0,0.0,0
숙대입구역,7,0.0,0.0,0.0,0.0,1.0,0.0,0.0,0.0,0.0,0.0,0.0,0
숭실대입구역,7,0.0,0.0,0.0,0.0,1.0,0.0,1.0,1.0,0.0,0.0,1.0,0
숭실대입구역,7,0.0,0.0,0.0,0.0,1.0,0.0,1.0,1.0,0.0,0.0,1.0,0
신금호역,7,0.0,0.0,0.0,0.0,0.0,0.0,0.0,1.0,0.0,0.0,0.0,0
신금호역,7,0.0,0.0,0.0,0.0,0.0,0.0,0.0,1.0,0.0,0.0,0.0,0
신당역,7,0.0,1.0,0.0,0.0,1.0,0.0,1.0,1.0,1.0,0.0,0.0,1
신당역,7,0.0,1.0,0.0,0.0,1.0,0.0,1.0,1.0,1.0,0.0,0.0,1
신대방삼거리역,7,0.0,1.0,1.0,0.0,0.0,0.0,4.0,1.0,0.0,0.0,1.0,4
신대방삼거리역,7,0.0,1.0,1.0,0.0,0.0,0.0,4.0,1.0,0.0,0.0,1.0,4
신대방역,7,0.0,0.0,0.0,0.0,1.0,0.0,0.0,1.0,0.0,0.0,0.0,0
신대방역,7,0.0,0.0,0.0,0.0,1.0,0.0,0.0,1.0,0.0,0.0,0.0,0
신사역,7,0.0,0.0,0.0,0.0,4.0,1.0,6.0,0.0,1.0,0.0,0.0,0
신사역,7,0.0,0.0,0.0,0.0,4.0,1.0,6.0,0.0,1.0,0.0,0.0,0
신용산역,7,0.0,0.0,0.0,0.0,2.0,0.0,2.0,0.0,2.0,0.0,0.0,0
신용산역,7,0.0,0.0,0.0,0.0,2.0,0.0,2.0,0.0,2.0,0.0,0.0,0
신정역,7,0.0,0.0,0.0,0.0,0.0,0.0,0.0,1.0,0.0,0.0,0.0,0
신정역,7,0.0,0.0,0.0,0.0,0.0,0.0,0.0,1.0,0.0,0.0,0.0,0
신촌역,7,0.0,0.0,0.0,0.0,2.0,1.0,1.0,1.0,0.0,0.0,1.0,0
신촌역,7,0.0,0.0,0.0,0.0,2.0,1.0,1.0,1.0,0.0,0.0,1.0,0
신풍역,7,0.0,0.0,0.0,0.0,0.0,0.0,1.0,1.0,0.0,0.0,0.0,0
신풍역,7,0.0,0.0,0.0,0.0,0.0,0.0,1.0,1.0,0.0,0.0,0.0,0
안암역,7,0.0,0.0,0.0,0.0,1.0,0.0,0.0,1.0,0.0,0.0,1.0,0
안암역,7,0.0,0.0,0.0,0.0,1.0,0.0,0.0,1.0,0.0,0.0,1.0,0
암사역,7,0.0,0.0,0.0,0.0,0.0,0.0,1.0,1.0,0.0,0.0,0.0,0
암사역,7,0.0,0.0,0.0,0.0,0.0,0.0,1.0,1.0,0.0,0.0,0.0,0
압구정역,7,0.0,0.0,0.0,0.0,2.0,0.0,0.0,0.0,1.0,0.0,1.0,0
압구정역,7,0.0,0.0,0.0,0.0,2.0,0.0,0.0,0.0,1.0,0.0,1.0,0
어린이대공원역,7,0.0,0.0,0.0,0.0,0.0,0.0,0.0,1.0,0.0,0.0,0.0,0
어린이대공원역,7,0.0,0.0,0.0,0.0,0.0,0.0,0.0,1.0,0.0,0.0,0.0,0
여의도역,7,0.0,0.0,0.0,0.0,1.0,0.0,0.0,1.0,1.0,0.0,0.0,0
여의도역,7,0.0,0.0,0.0,0.0,1.0,0.0,0.0,1.0,1.0,0.0,0.0,0
역삼역,7,0.0,0.0,0.0,0.0,4.0,3.0,0.0,1.0,0.0,0.0,0.0,0
역삼역,7,0.0,0.0,0.0,0.0,4.0,3.0,0.0,1.0,0.0,0.0,0.0,0
역촌역,7,0.0,0.0,0.0,0.0,0.0,0.0,0.0,1.0,0.0,0.0,0.0,0
역촌역,7,0.0,0.0,0.0,0.0,0.0,0.0,0.0,1.0,0.0,0.0,0.0,0
연신내역,7,0.0,0.0,0.0,0.0,2.0,1.0,2.0,1.0,0.0,0.0,0.0,0
연신내역,7,0.0,0.0,0.0,0.0,2.0,1.0,2.0,1.0,0.0,0.0,0.0,0
영등포구청역,7,1.0,0.0,0.0,0.0,6.0,0.0,1.0,1.0,0.0,0.0,0.0,0
영등포구청역,7,1.0,0.0,0.0,0.0,6.0,0.0,1.0,1.0,0.0,0.0,0.0,0
오목교역,7,0.0,0.0,0.0,0.0,13.0,0.0,10.0,1.0,2.0,0.0,0.0,7
오목교역,7,0.0,0.0,0.0,0.0,13.0,0.0,10.0,1.0,2.0,0.0,0.0,7
온수역,7,0.0,0.0,0.0,1.0,1.0,0.0,1.0,1.0,0.0,0.0,0.0,0
온수역,7,0.0,0.0,0.0,1.0,1.0,0.0,1.0,1.0,0.0,0.0,0.0,0
왕십리역,7,1.0,0.0,0.0,1.0,3.0,0.0,9.0,1.0,1.0,0.0,1.0,3
왕십리역,7,1.0,0.0,0.0,1.0,3.0,0.0,9.0,1.0,1.0,0.0,1.0,3
용마산역,7,0.0,0.0,0.0,0.0,0.0,0.0,0.0,1.0,0.0,0.0,1.0,0
용마산역,7,0.0,0.0,0.0,0.0,0.0,0.0,0.0,1.0,0.0,0.0,1.0,0
우장산역,7,0.0,1.0,0.0,1.0,0.0,0.0,2.0,1.0,0.0,0.0,0.0,1
우장산역,7,0.0,1.0,0.0,1.0,0.0,0.0,2.0,1.0,0.0,0.0,0.0,1
월곡역,7,0.0,0.0,0.0,0.0,2.0,0.0,0.0,1.0,0.0,0.0,1.0,0
월곡역,7,0.0,0.0,0.0,0.0,2.0,0.0,0.0,1.0,0.0,0.0,1.0,0
을지로3가역,7,0.0,0.0,0.0,0.0,4.0,0.0,4.0,0.0,2.0,0.0,0.0,0
을지로3가역,7,0.0,0.0,0.0,0.0,4.0,0.0,4.0,0.0,2.0,0.0,0.0,0
을지로입구역,7,0.0,0.0,0.0,0.0,4.0,0.0,2.0,1.0,1.0,0.0,0.0,0
을지로입구역,7,0.0,0.0,0.0,0.0,4.0,0.0,2.0,1.0,1.0,0.0,0.0,0
이대역,7,0.0,0.0,0.0,0.0,1.0,0.0,2.0,0.0,1.0,0.0,0.0,0
이대역,7,0.0,0.0,0.0,0.0,1.0,0.0,2.0,0.0,1.0,0.0,0.0,0
이수역,7,0.0,0.0,0.0,1.0,1.0,0.0,4.0,1.0,1.0,0.0,0.0,0
이수역,7,0.0,0.0,0.0,1.0,1.0,0.0,4.0,1.0,1.0,0.0,0.0,0
잠실역,7,0.0,0.0,0.0,0.0,22.0,3.0,9.0,3.0,0.0,0.0,1.0,12
잠실역,7,0.0,0.0,0.0,0.0,22.0,3.0,9.0,3.0,0.0,0.0,1.0,12
장지역,7,0.0,0.0,0.0,0.0,1.0,0.0,0.0,1.0,1.0,0.0,0.0,0
장지역,7,0.0,0.0,0.0,0.0,1.0,0.0,0.0,1.0,1.0,0.0,0.0,0
종각역,7,0.0,0.0,0.0,0.0,2.0,1.0,1.0,1.0,2.0,0.0,0.0,0
종각역,7,0.0,0.0,0.0,0.0,2.0,1.0,1.0,1.0,2.0,0.0,0.0,0
종로3가역,7,0.0,0.0,0.0,0.0,2.0,2.0,2.0,1.0,1.0,0.0,0.0,0
종로3가역,7,0.0,0.0,0.0,0.0,2.0,2.0,2.0,1.0,1.0,0.0,0.0,0
중화역,7,0.0,1.0,0.0,0.0,2.0,0.0,7.0,1.0,0.0,0.0,0.0,1
중화역,7,0.0,1.0,0.0,0.0,2.0,0.0,7.0,1.0,0.0,0.0,0.0,1
증산역,7,0.0,0.0,0.0,0.0,0.0,0.0,1.0,1.0,0.0,0.0,1.0,0
증산역,7,0.0,0.0,0.0,0.0,0.0,0.0,1.0,1.0,0.0,0.0,1.0,0
청담역,7,0.0,0.0,0.0,0.0,1.0,0.0,2.0,1.0,1.0,0.0,2.0,0
청담역,7,0.0,0.0,0.0,0.0,1.0,0.0,2.0,1.0,1.0,0.0,2.0,0
총신대입구역,7,0.0,1.0,0.0,1.0,4.0,0.0,4.0,0.0,0.0,0.0,1.0,1
총신대입구역,7,0.0,1.0,0.0,1.0,4.0,0.0,4.0,0.0,0.0,0.0,1.0,1
충무로역,7,0.0,0.0,0.0,1.0,1.0,0.0,0.0,2.0,1.0,0.0,1.0,0
충무로역,7,0.0,0.0,0.0,1.0,1.0,0.0,0.0,2.0,1.0,0.0,1.0,0
충정로역,7,0.0,1.0,0.0,1.0,1.0,0.0,2.0,1.0,0.0,0.0,1.0,1
충정로역,7,0.0,1.0,0.0,1.0,1.0,0.0,2.0,1.0,0.0,0.0,1.0,1
태릉입구역,7,0.0,1.0,0.0,0.0,1.0,0.0,7.0,1.0,1.0,0.0,1.0,1
태릉입구역,7,0.0,1.0,0.0,0.0,1.0,0.0,7.0,1.0,1.0,0.0,1.0,1
학동역,7,0.0,0.0,0.0,0.0,3.0,2.0,2.0,1.0,1.0,0.0,0.0,0
학동역,7,0.0,0.0,0.0,0.0,3.0,2.0,2.0,1.0,1.0,0.0,0.0,0
한강진역,7,0.0,0.0,0.0,0.0,1.0,0.0,0.0,1.0,0.0,0.0,1.0,0
한강진역,7,0.0,0.0,0.0,0.0,1.0,0.0,0.0,1.0,0.0,0.0,1.0,0
합정역,7,0.0,1.0,0.0,0.0,5.0,4.0,9.0,2.0,3.0,0.0,2.0,10
합정역,7,0.0,1.0,0.0,0.0,5.0,4.0,9.0,2.0,3.0,0.0,2.0,10
행당역,7,0.0,0.0,0.0,0.0,0.0,0.0,1.0,1.0,1.0,0.0,0.0,0
행당역,7,0.0,0.0,0.0,0.0,0.0,0.0,1.0,1.0,1.0,0.0,0.0,0
홍제역,7,0.0,0.0,0.0,0.0,1.0,0.0,0.0,0.0,0.0,0.0,0.0,0
홍제역,7,0.0,0.0,0.0,0.0,1.0,0.0,0.0,0.0,0.0,0.0,0.0,0
회현역,7,0.0,0.0,0.0,0.0,0.0,0.0,2.0,0.0,0.0,0.0,0.0,0
회현역,7,0.0,0.0,0.0,0.0,0.0,0.0,2.0,0.0,0.0,0.0,0.0,0
효창공원앞역,7,0.0,0.0,0.0,0.0,0.0,0.0,1.0,1.0,0.0,0.0,1.0,0
효창공원앞역,7,0.0,0.0,0.0,0.0,0.0,0.0,1.0,1.0,0.0,0.0,1.0,0
강남역,8,0.0,0.0,0.0,0.0,1.0,1.0,1.0,0.0,0.0,0.0,1.0,0
강남역,8,0.0,0.0,0.0,0.0,1.0,1.0,1.0,0.0,0.0,0.0,1.0,0
강동구청역,8,0.0,0.0,0.0,0.0,1.0,0.0,1.0,1.0,0.0,0.0,0.0,0
강동구청역,8,0.0,0.0,0.0,0.0,1.0,0.0,1.0,1.0,0.0,0.0,0.0,0
강동역,8,0.0,0.0,0.0,0.0,1.0,0.0,2.0,1.0,0.0,0.0,0.0,0
강동역,8,0.0,0.0,0.0,0.0,1.0,0.0,2.0,1.0,0.0,0.0,0.0,0
강일역,8,0.0,0.0,0.0,0.0,0.0,0.0,0.0,0.0,0.0,0.0,0.0,0
강일역,8,0.0,0.0,0.0,0.0,0.0,0.0,0.0,0.0,0.0,0.0,0.0,0
건대입구역,8,0.0,0.0,0.0,0.0,5.0,2.0,1.0,2.0,3.0,0.0,0.0,9
건대입구역,8,0.0,0.0,0.0,0.0,5.0,2.0,1.0,2.0,3.0,0.0,0.0,9
공덕역,8,2.0,1.0,0.0,0.0,6.0,0.0,11.0,2.0,4.0,0.0,1.0,13
공덕역,8,2.0,1.0,0.0,0.0,6.0,0.0,11.0,2.0,4.0,0.0,1.0,13
광명사거리역,8,0.0,1.0,0.0,0.0,2.0,0.0,1.0,1.0,1.0,0.0,1.0,1
광명사거리역,8,0.0,1.0,0.0,0.0,2.0,0.0,1.0,1.0,1.0,0.0,1.0,1
광흥창역,8,0.0,0.0,0.0,0.0,0.0,0.0,0.0,1.0,0.0,0.0,0.0,0
광흥창역,8,0.0,0.0,0.0,0.0,0.0,0.0,0.0,1.0,0.0,0.0,0.0,0
교대역,8,0.0,0.0,0.0,4.0,5.0,0.0,1.0,1.0,2.0,0.0,0.0,6
교대역,8,0.0,0.0,0.0,4.0,5.0,0.0,1.0,1.0,2.0,0.0,0.0,6
군자역,8,0.0,0.0,0.0,0.0,2.0,0.0,5.0,1.0,1.0,0.0,1.0,0
군자역,8,0.0,0.0,0.0,0.0,2.0,0.0,5.0,1.0,1.0,0.0,1.0,0
굽은다리역,8,0.0,0.0,0.0,0.0,1.0,0.0,1.0,1.0,0.0,0.0,0.0,0
굽은다리역,8,0.0,0.0,0.0,0.0,1.0,0.0,1.0,1.0,0.0,0.0,0.0,0
낙성대역,8,0.0,0.0,0.0,0.0,0.0,0.0,2.0,0.0,0.0,0.0,0.0,0
낙성대역,8,0.0,0.0,0.0,0.0,0.0,0.0,2.0,0.0,0.0,0.0,0.0,0
남구로역,8,0.0,0.0,0.0,0.0,0.0,0.0,2.0,1.0,0.0,0.0,0.0,0
남구로역,8,0.0,0.0,0.0,0.0,0.0,0.0,2.0,1.0,0.0,0.0,0.0,0
남위례역,8,0.0,0.0,0.0,0.0,0.0,0.0,0.0,0.0,0.0,0.0,0.0,0
남위례역,8,0.0,0.0,0.0,0.0,0.0,0.0,0.0,0.0,0.0,0.0,0.0,0
노원역,8,0.0,0.0,0.0,2.0,3.0,0.0,13.0,1.0,1.0,0.0,0.0,3
노원역,8,0.0,0.0,0.0,2.0,3.0,0.0,13.0,1.0,1.0,0.0,0.0,3
논현역,8,0.0,0.0,0.0,0.0,3.0,2.0,5.0,1.0,0.0,0.0,1.0,0
논현역,8,0.0,0.0,0.0,0.0,3.0,2.0,5.0,1.0,0.0,0.0,1.0,0
당산역,8,0.0,0.0,0.0,0.0,2.0,0.0,1.0,1.0,0.0,0.0,0.0,0
당산역,8,0.0,0.0,0.0,0.0,2.0,0.0,1.0,1.0,0.0,0.0,0.0,0
대림역,8,0.0,0.0,0.0,0.0,3.0,0.0,8.0,2.0,2.0,0.0,1.0,3
대림역,8,0.0,0.0,0.0,0.0,3.0,0.0,8.0,2.0,2.0,0.0,1.0,3
대청역,8,0.0,0.0,0.0,0.0,1.0,0.0,0.0,0.0,0.0,0.0,0.0,0
대청역,8,0.0,0.0,0.0,0.0,1.0,0.0,0.0,0.0,0.0,0.0,0.0,0
동대문역,8,0.0,0.0,0.0,0.0,2.0,0.0,7.0,0.0,0.0,0.0,0.0,0
동대문역,8,0.0,0.0,0.0,0.0,2.0,0.0,7.0,0.0,0.0,0.0,0.0,0
동대입구역,8,0.0,0.0,0.0,1.0,1.0,0.0,0.0,1.0,0.0,0.0,0.0,0
동대입구역,8,0.0,0.0,0.0,1.0,1.0,0.0,0.0,1.0,0.0,0.0,0.0,0
동묘앞역,8,0.0,0.0,0.0,0.0,1.0,0.0,0.0,1.0,0.0,0.0,1.0,0
동묘앞역,8,0.0,0.0,0.0,0.0,1.0,0.0,0.0,1.0,0.0,0.0,1.0,0
디지털미디어시티역,8,0.0,0.0,0.0,0.0,0.0,2.0,2.0,1.0,0.0,0.0,1.0,0
디지털미디어시티역,8,0.0,0.0,0.0,0.0,0.0,2.0,2.0,1.0,0.0,0.0,1.0,0
마포구청역,8,0.0,0.0,0.0,1.0,0.0,0.0,1.0,1.0,0.0,0.0,1.0,0
마포구청역,8,0.0,0.0,0.0,1.0,0.0,0.0,1.0,1.0,0.0,0.0,1.0,0
면목역,8,0.0,1.0,1.0,0.0,1.0,2.0,6.0,1.0,0.0,0.0,0.0,5
면목역,8,0.0,1.0,1.0,0.0,1.0,2.0,6.0,1.0,0.0,0.0,0.0,5
미아사거리역,8,0.0,0.0,0.0,0.0,2.0,1.0,11.0,0.0,0.0,0.0,0.0,0
미아사거리역,8,0.0,0.0,0.0,0.0,2.0,1.0,11.0,0.0,0.0,0.0,0.0,0
미아역,8,0.0,0.0,0.0,0.0,0.0,0.0,0.0,1.0,0.0,0.0,0.0,0
미아역,8,0.0,0.0,0.0,0.0,0.0,0.0,0.0,1.0,0.0,0.0,0.0,0
봉화산역,8,0.0,0.0,0.0,0.0,0.0,0.0,0.0,1.0,0.0,0.0,0.0,0
봉화산역,8,0.0,0.0,0.0,0.0,0.0,0.0,0.0,1.0,0.0,0.0,0.0,0
불광역,8,0.0,1.0,0.0,0.0,2.0,0.0,2.0,1.0,0.0,0.0,1.0,1
불광역,8,0.0,1.0,0.0,0.0,2.0,0.0,2.0,1.0,0.0,0.0,1.0,1
사가정역,8,0.0,0.0,0.0,1.0,1.0,0.0,3.0,1.0,1.0,0.0,0.0,0
사가정역,8,0.0,0.0,0.0,1.0,1.0,0.0,3.0,1.0,1.0,0.0,0.0,0
사당역,8,0.0,0.0,0.0,0.0,9.0,2.0,14.0,0.0,2.0,0.0,1.0,8
사당역,8,0.0,0.0,0.0,0.0,9.0,2.0,14.0,0.0,2.0,0.0,1.0,8
삼각지역,8,0.0,0.0,0.0,1.0,1.0,0.0,0.0,1.0,0.0,0.0,0.0,0
삼각지역,8,0.0,0.0,0.0,1.0,1.0,0.0,0.0,1.0,0.0,0.0,0.0,0
상계역,8,0.0,0.0,0.0,0.0,0.0,0.0,7.0,0.0,0.0,0.0,0.0,0
상계역,8,0.0,0.0,0.0,0.0,0.0,0.0,7.0,0.0,0.0,0.0,0.0,0
상봉역,8,0.0,0.0,0.0,0.0,0.0,0.0,3.0,1.0,1.0,0.0,0.0,0
상봉역,8,0.0,0.0,0.0,0.0,0.0,0.0,3.0,1.0,1.0,0.0,0.0,0
상수역,8,0.0,0.0,1.0,0.0,0.0,0.0,0.0,1.0,1.0,0.0,1.0,2
상수역,8,0.0,0.0,1.0,0.0,0.0,0.0,0.0,1.0,1.0,0.0,1.0,2
새절역,8,0.0,0.0,0.0,0.0,0.0,0.0,2.0,1.0,0.0,0.0,0.0,0
새절역,8,0.0,0.0,0.0,0.0,0.0,0.0,2.0,1.0,0.0,0.0,0.0,0
서초역,8,0.0,0.0,0.0,0.0,3.0,1.0,2.0,1.0,0.0,0.0,0.0,0
서초역,8,0.0,0.0,0.0,0.0,3.0,1.0,2.0,1.0,0.0,0.0,0.0,0
석계역,8,0.0,0.0,0.0,0.0,1.0,0.0,1.0,1.0,0.0,0.0,0.0,0
석계역,8,0.0,0.0,0.0,0.0,1.0,0.0,1.0,1.0,0.0,0.0,0.0,0
선릉역,8,0.0,0.0,0.0,0.0,5.0,1.0,6.0,0.0,1.0,0.0,1.0,8
선릉역,8,0.0,0.0,0.0,0.0,5.0,1.0,6.0,0.0,1.0,0.0,1.0,8
성수역,8,0.0,0.0,0.0,0.0,2.0,0.0,1.0,0.0,1.0,0.0,1.0,0
성수역,8,0.0,0.0,0.0,0.0,2.0,0.0,1.0,0.0,1.0,0.0,1.0,0
송정역,8,0.0,0.0,0.0,0.0,1.0,0.0,3.0,1.0,0.0,0.0,0.0,0
송정역,8,0.0,0.0,0.0,0.0,1.0,0.0,3.0,1.0,0.0,0.0,0.0,0
수락산역,8,0.0,0.0,0.0,1.0,0.0,0.0,1.0,1.0,0.0,0.0,0.0,0
수락산역,8,0.0,0.0,0.0,1.0,0.0,0.0,1.0,1.0,0.0,0.0,0.0,0
숙대입구역,8,0.0,0.0,0.0,0.0,1.0,0.0,0.0,0.0,0.0,0.0,0.0,0
숙대입구역,8,0.0,0.0,0.0,0.0,1.0,0.0,0.0,0.0,0.0,0.0,0.0,0
숭실대입구역,8,0.0,0.0,0.0,0.0,1.0,0.0,1.0,1.0,0.0,0.0,1.0,0
숭실대입구역,8,0.0,0.0,0.0,0.0,1.0,0.0,1.0,1.0,0.0,0.0,1.0,0
신금호역,8,0.0,0.0,0.0,0.0,0.0,0.0,0.0,1.0,0.0,0.0,0.0,0
신금호역,8,0.0,0.0,0.0,0.0,0.0,0.0,0.0,1.0,0.0,0.0,0.0,0
신당역,8,0.0,1.0,0.0,0.0,1.0,0.0,1.0,1.0,1.0,0.0,0.0,1
신당역,8,0.0,1.0,0.0,0.0,1.0,0.0,1.0,1.0,1.0,0.0,0.0,1
신대방삼거리역,8,0.0,1.0,1.0,0.0,0.0,0.0,4.0,1.0,0.0,0.0,1.0,4
신대방삼거리역,8,0.0,1.0,1.0,0.0,0.0,0.0,4.0,1.0,0.0,0.0,1.0,4
신대방역,8,0.0,0.0,0.0,0.0,1.0,0.0,0.0,1.0,0.0,0.0,0.0,0
신대방역,8,0.0,0.0,0.0,0.0,1.0,0.0,0.0,1.0,0.0,0.0,0.0,0
신사역,8,0.0,0.0,0.0,0.0,4.0,1.0,6.0,0.0,1.0,0.0,0.0,0
신사역,8,0.0,0.0,0.0,0.0,4.0,1.0,6.0,0.0,1.0,0.0,0.0,0
신용산역,8,0.0,0.0,0.0,0.0,2.0,0.0,2.0,0.0,2.0,0.0,0.0,0
신용산역,8,0.0,0.0,0.0,0.0,2.0,0.0,2.0,0.0,2.0,0.0,0.0,0
신정역,8,0.0,0.0,0.0,0.0,0.0,0.0,0.0,1.0,0.0,0.0,0.0,0
신정역,8,0.0,0.0,0.0,0.0,0.0,0.0,0.0,1.0,0.0,0.0,0.0,0
신촌역,8,0.0,0.0,0.0,0.0,2.0,1.0,1.0,1.0,0.0,0.0,1.0,0
신촌역,8,0.0,0.0,0.0,0.0,2.0,1.0,1.0,1.0,0.0,0.0,1.0,0
신풍역,8,0.0,0.0,0.0,0.0,0.0,0.0,1.0,1.0,0.0,0.0,0.0,0
신풍역,8,0.0,0.0,0.0,0.0,0.0,0.0,1.0,1.0,0.0,0.0,0.0,0
안암역,8,0.0,0.0,0.0,0.0,1.0,0.0,0.0,1.0,0.0,0.0,1.0,0
안암역,8,0.0,0.0,0.0,0.0,1.0,0.0,0.0,1.0,0.0,0.0,1.0,0
암사역,8,0.0,0.0,0.0,0.0,0.0,0.0,1.0,1.0,0.0,0.0,0.0,0
암사역,8,0.0,0.0,0.0,0.0,0.0,0.0,1.0,1.0,0.0,0.0,0.0,0
압구정역,8,0.0,0.0,0.0,0.0,2.0,0.0,0.0,0.0,1.0,0.0,1.0,0
압구정역,8,0.0,0.0,0.0,0.0,2.0,0.0,0.0,0.0,1.0,0.0,1.0,0
양재역,8,0.0,0.0,0.0,0.0,1.0,0.0,4.0,1.0,0.0,0.0,0.0,0
양재역,8,0.0,0.0,0.0,0.0,1.0,0.0,4.0,1.0,0.0,0.0,0.0,0
어린이대공원역,8,0.0,0.0,0.0,0.0,0.0,0.0,0.0,1.0,0.0,0.0,0.0,0
어린이대공원역,8,0.0,0.0,0.0,0.0,0.0,0.0,0.0,1.0,0.0,0.0,0.0,0
여의도역,8,0.0,0.0,0.0,0.0,1.0,0.0,0.0,1.0,1.0,0.0,0.0,0
여의도역,8,0.0,0.0,0.0,0.0,1.0,0.0,0.0,1.0,1.0,0.0,0.0,0
역삼역,8,0.0,0.0,0.0,0.0,4.0,3.0,0.0,1.0,0.0,0.0,0.0,0
역삼역,8,0.0,0.0,0.0,0.0,4.0,3.0,0.0,1.0,0.0,0.0,0.0,0
역촌역,8,0.0,0.0,0.0,0.0,0.0,0.0,0.0,1.0,0.0,0.0,0.0,0
역촌역,8,0.0,0.0,0.0,0.0,0.0,0.0,0.0,1.0,0.0,0.0,0.0,0
연신내역,8,0.0,0.0,0.0,0.0,2.0,1.0,2.0,1.0,0.0,0.0,0.0,0
연신내역,8,0.0,0.0,0.0,0.0,2.0,1.0,2.0,1.0,0.0,0.0,0.0,0
영등포구청역,8,1.0,0.0,0.0,0.0,6.0,0.0,1.0,1.0,0.0,0.0,0.0,0
영등포구청역,8,1.0,0.0,0.0,0.0,6.0,0.0,1.0,1.0,0.0,0.0,0.0,0
오목교역,8,0.0,0.0,0.0,0.0,13.0,0.0,10.0,1.0,2.0,0.0,0.0,7
오목교역,8,0.0,0.0,0.0,0.0,13.0,0.0,10.0,1.0,2.0,0.0,0.0,7
온수역,8,0.0,0.0,0.0,1.0,1.0,0.0,1.0,1.0,0.0,0.0,0.0,0
온수역,8,0.0,0.0,0.0,1.0,1.0,0.0,1.0,1.0,0.0,0.0,0.0,0
왕십리역,8,1.0,0.0,0.0,1.0,3.0,0.0,9.0,1.0,1.0,0.0,1.0,3
왕십리역,8,1.0,0.0,0.0,1.0,3.0,0.0,9.0,1.0,1.0,0.0,1.0,3
용마산역,8,0.0,0.0,0.0,0.0,0.0,0.0,0.0,1.0,0.0,0.0,1.0,0
용마산역,8,0.0,0.0,0.0,0.0,0.0,0.0,0.0,1.0,0.0,0.0,1.0,0
우장산역,8,0.0,1.0,0.0,1.0,0.0,0.0,2.0,1.0,0.0,0.0,0.0,1
우장산역,8,0.0,1.0,0.0,1.0,0.0,0.0,2.0,1.0,0.0,0.0,0.0,1
월곡역,8,0.0,0.0,0.0,0.0,2.0,0.0,0.0,1.0,0.0,0.0,1.0,0
월곡역,8,0.0,0.0,0.0,0.0,2.0,0.0,0.0,1.0,0.0,0.0,1.0,0
을지로3가역,8,0.0,0.0,0.0,0.0,4.0,0.0,4.0,0.0,2.0,0.0,0.0,0
을지로3가역,8,0.0,0.0,0.0,0.0,4.0,0.0,4.0,0.0,2.0,0.0,0.0,0
을지로입구역,8,0.0,0.0,0.0,0.0,4.0,0.0,2.0,2.0,1.0,0.0,0.0,0
을지로입구역,8,0.0,0.0,0.0,0.0,4.0,0.0,2.0,2.0,1.0,0.0,0.0,0
이대역,8,0.0,0.0,0.0,0.0,1.0,0.0,2.0,0.0,1.0,0.0,0.0,0
이대역,8,0.0,0.0,0.0,0.0,1.0,0.0,2.0,0.0,1.0,0.0,0.0,0
이수역,8,0.0,0.0,0.0,1.0,1.0,0.0,4.0,1.0,1.0,0.0,0.0,0
이수역,8,0.0,0.0,0.0,1.0,1.0,0.0,4.0,1.0,1.0,0.0,0.0,0
잠실역,8,0.0,0.0,0.0,0.0,22.0,2.0,9.0,3.0,0.0,0.0,1.0,12
잠실역,8,0.0,0.0,0.0,0.0,22.0,2.0,9.0,3.0,0.0,0.0,1.0,12
장지역,8,0.0,0.0,0.0,0.0,1.0,0.0,0.0,1.0,1.0,0.0,0.0,0
장지역,8,0.0,0.0,0.0,0.0,1.0,0.0,0.0,1.0,1.0,0.0,0.0,0
종각역,8,0.0,0.0,0.0,0.0,1.0,1.0,1.0,1.0,2.0,0.0,0.0,0
종각역,8,0.0,0.0,0.0,0.0,1.0,1.0,1.0,1.0,2.0,0.0,0.0,0
종로3가역,8,0.0,0.0,0.0,0.0,2.0,2.0,2.0,1.0,1.0,0.0,0.0,0
종로3가역,8,0.0,0.0,0.0,0.0,2.0,2.0,2.0,1.0,1.0,0.0,0.0,0
중화역,8,0.0,1.0,0.0,0.0,2.0,0.0,7.0,1.0,0.0,0.0,0.0,1
중화역,8,0.0,1.0,0.0,0.0,2.0,0.0,7.0,1.0,0.0,0.0,0.0,1
증산역,8,0.0,0.0,0.0,0.0,0.0,0.0,1.0,1.0,0.0,0.0,1.0,0
증산역,8,0.0,0.0,0.0,0.0,0.0,0.0,1.0,1.0,0.0,0.0,1.0,0
청담역,8,0.0,0.0,0.0,0.0,1.0,0.0,2.0,1.0,1.0,0.0,2.0,0
청담역,8,0.0,0.0,0.0,0.0,1.0,0.0,2.0,1.0,1.0,0.0,2.0,0
총신대입구역,8,0.0,1.0,0.0,1.0,4.0,0.0,4.0,0.0,0.0,0.0,1.0,1
총신대입구역,8,0.0,1.0,0.0,1.0,4.0,0.0,4.0,0.0,0.0,0.0,1.0,1
충무로역,8,0.0,0.0,0.0,1.0,1.0,0.0,0.0,2.0,1.0,0.0,1.0,0
충무로역,8,0.0,0.0,0.0,1.0,1.0,0.0,0.0,2.0,1.0,0.0,1.0,0
충정로역,8,0.0,1.0,0.0,1.0,1.0,0.0,2.0,1.0,0.0,0.0,1.0,1
충정로역,8,0.0,1.0,0.0,1.0,1.0,0.0,2.0,1.0,0.0,0.0,1.0,1
태릉입구역,8,0.0,1.0,0.0,0.0,1.0,0.0,7.0,1.0,1.0,0.0,1.0,1
태릉입구역,8,0.0,1.0,0.0,0.0,1.0,0.0,7.0,1.0,1.0,0.0,1.0,1
학동역,8,0.0,0.0,0.0,0.0,3.0,2.0,2.0,1.0,1.0,0.0,0.0,0
학동역,8,0.0,0.0,0.0,0.0,3.0,2.0,2.0,1.0,1.0,0.0,0.0,0
한강진역,8,0.0,0.0,0.0,0.0,1.0,0.0,0.0,1.0,0.0,0.0,1.0,0
한강진역,8,0.0,0.0,0.0,0.0,1.0,0.0,0.0,1.0,0.0,0.0,1.0,0
합정역,8,0.0,1.0,0.0,0.0,6.0,4.0,9.0,2.0,3.0,0.0,2.0,10
합정역,8,0.0,1.0,0.0,0.0,6.0,4.0,9.0,2.0,3.0,0.0,2.0,10
행당역,8,0.0,0.0,0.0,0.0,0.0,0.0,1.0,1.0,1.0,0.0,0.0,0
행당역,8,0.0,0.0,0.0,0.0,0.0,0.0,1.0,1.0,1.0,0.0,0.0,0
홍제역,8,0.0,0.0,0.0,0.0,1.0,0.0,0.0,0.0,0.0,0.0,0.0,0
홍제역,8,0.0,0.0,0.0,0.0,1.0,0.0,0.0,0.0,0.0,0.0,0.0,0
회현역,8,0.0,0.0,0.0,0.0,0.0,0.0,2.0,0.0,0.0,0.0,0.0,0
회현역,8,0.0,0.0,0.0,0.0,0.0,0.0,2.0,0.0,0.0,0.0,0.0,0
효창공원앞역,8,0.0,0.0,0.0,0.0,0.0,0.0,1.0,1.0,0.0,0.0,1.0,0
효창공원앞역,8,0.0,0.0,0.0,0.0,0.0,0.0,1.0,1.0,0.0,0.0,1.0,0
강남역,9,0.0,0.0,0.0,0.0,1.0,1.0,1.0,0.0,0.0,0.0,1.0,0
강남역,9,0.0,0.0,0.0,0.0,1.0,1.0,1.0,0.0,0.0,0.0,1.0,0
강동구청역,9,0.0,0.0,0.0,0.0,1.0,0.0,1.0,1.0,0.0,0.0,0.0,0
강동구청역,9,0.0,0.0,0.0,0.0,1.0,0.0,1.0,1.0,0.0,0.0,0.0,0
강동역,9,0.0,0.0,0.0,0.0,1.0,0.0,2.0,1.0,0.0,0.0,0.0,0
강동역,9,0.0,0.0,0.0,0.0,1.0,0.0,2.0,1.0,0.0,0.0,0.0,0
강일역,9,0.0,0.0,0.0,0.0,0.0,0.0,0.0,0.0,0.0,0.0,0.0,0
강일역,9,0.0,0.0,0.0,0.0,0.0,0.0,0.0,0.0,0.0,0.0,0.0,0
건대입구역,9,0.0,0.0,0.0,0.0,5.0,2.0,1.0,2.0,3.0,0.0,0.0,9
건대입구역,9,0.0,0.0,0.0,0.0,5.0,2.0,1.0,2.0,3.0,0.0,0.0,9
공덕역,9,2.0,1.0,0.0,0.0,6.0,0.0,11.0,2.0,4.0,0.0,1.0,13
공덕역,9,2.0,1.0,0.0,0.0,6.0,0.0,11.0,2.0,4.0,0.0,1.0,13
광명사거리역,9,0.0,1.0,0.0,0.0,2.0,0.0,1.0,1.0,1.0,0.0,1.0,1
광명사거리역,9,0.0,1.0,0.0,0.0,2.0,0.0,1.0,1.0,1.0,0.0,1.0,1
광흥창역,9,0.0,0.0,0.0,0.0,0.0,0.0,0.0,1.0,0.0,0.0,0.0,0
광흥창역,9,0.0,0.0,0.0,0.0,0.0,0.0,0.0,1.0,0.0,0.0,0.0,0
교대역,9,0.0,0.0,0.0,4.0,5.0,0.0,1.0,1.0,2.0,0.0,0.0,6
교대역,9,0.0,0.0,0.0,4.0,5.0,0.0,1.0,1.0,2.0,0.0,0.0,6
군자역,9,0.0,0.0,0.0,0.0,2.0,0.0,6.0,1.0,1.0,0.0,1.0,0
군자역,9,0.0,0.0,0.0,0.0,2.0,0.0,6.0,1.0,1.0,0.0,1.0,0
굽은다리역,9,0.0,0.0,0.0,0.0,1.0,0.0,1.0,1.0,0.0,0.0,0.0,0
굽은다리역,9,0.0,0.0,0.0,0.0,1.0,0.0,1.0,1.0,0.0,0.0,0.0,0
낙성대역,9,0.0,0.0,0.0,0.0,0.0,0.0,2.0,0.0,0.0,0.0,0.0,0
낙성대역,9,0.0,0.0,0.0,0.0,0.0,0.0,2.0,0.0,0.0,0.0,0.0,0
남구로역,9,0.0,0.0,0.0,0.0,0.0,0.0,2.0,1.0,0.0,0.0,0.0,0
남구로역,9,0.0,0.0,0.0,0.0,0.0,0.0,2.0,1.0,0.0,0.0,0.0,0
남위례역,9,0.0,0.0,0.0,0.0,0.0,0.0,0.0,0.0,0.0,0.0,0.0,0
남위례역,9,0.0,0.0,0.0,0.0,0.0,0.0,0.0,0.0,0.0,0.0,0.0,0
노원역,9,0.0,0.0,0.0,2.0,3.0,0.0,13.0,1.0,1.0,0.0,0.0,3
노원역,9,0.0,0.0,0.0,2.0,3.0,0.0,13.0,1.0,1.0,0.0,0.0,3
논현역,9,0.0,0.0,0.0,0.0,3.0,2.0,5.0,1.0,0.0,0.0,1.0,0
논현역,9,0.0,0.0,0.0,0.0,3.0,2.0,5.0,1.0,0.0,0.0,1.0,0
당산역,9,0.0,0.0,0.0,0.0,2.0,0.0,1.0,1.0,0.0,0.0,0.0,0
당산역,9,0.0,0.0,0.0,0.0,2.0,0.0,1.0,1.0,0.0,0.0,0.0,0
대림역,9,0.0,0.0,0.0,0.0,3.0,0.0,8.0,2.0,2.0,0.0,1.0,3
대림역,9,0.0,0.0,0.0,0.0,3.0,0.0,8.0,2.0,2.0,0.0,1.0,3
대청역,9,0.0,0.0,0.0,0.0,1.0,0.0,0.0,0.0,0.0,0.0,0.0,0
대청역,9,0.0,0.0,0.0,0.0,1.0,0.0,0.0,0.0,0.0,0.0,0.0,0
동대문역,9,0.0,0.0,0.0,0.0,3.0,0.0,7.0,0.0,0.0,0.0,0.0,0
동대문역,9,0.0,0.0,0.0,0.0,3.0,0.0,7.0,0.0,0.0,0.0,0.0,0
동묘앞역,9,0.0,0.0,0.0,0.0,1.0,0.0,0.0,1.0,0.0,0.0,1.0,0
동묘앞역,9,0.0,0.0,0.0,0.0,1.0,0.0,0.0,1.0,0.0,0.0,1.0,0
디지털미디어시티역,9,0.0,0.0,0.0,0.0,0.0,2.0,2.0,1.0,0.0,0.0,1.0,0
디지털미디어시티역,9,0.0,0.0,0.0,0.0,0.0,2.0,2.0,1.0,0.0,0.0,1.0,0
마포구청역,9,0.0,0.0,0.0,1.0,0.0,0.0,1.0,1.0,0.0,0.0,1.0,0
마포구청역,9,0.0,0.0,0.0,1.0,0.0,0.0,1.0,1.0,0.0,0.0,1.0,0
면목역,9,0.0,1.0,1.0,0.0,1.0,2.0,6.0,1.0,0.0,0.0,0.0,5
면목역,9,0.0,1.0,1.0,0.0,1.0,2.0,6.0,1.0,0.0,0.0,0.0,5
미아사거리역,9,0.0,0.0,0.0,0.0,2.0,1.0,11.0,0.0,0.0,0.0,0.0,0
미아사거리역,9,0.0,0.0,0.0,0.0,2.0,1.0,11.0,0.0,0.0,0.0,0.0,0
미아역,9,0.0,0.0,0.0,0.0,0.0,0.0,0.0,1.0,0.0,0.0,0.0,0
미아역,9,0.0,0.0,0.0,0.0,0.0,0.0,0.0,1.0,0.0,0.0,0.0,0
봉화산역,9,0.0,0.0,0.0,0.0,0.0,0.0,0.0,1.0,0.0,0.0,0.0,0
봉화산역,9,0.0,0.0,0.0,0.0,0.0,0.0,0.0,1.0,0.0,0.0,0.0,0
불광역,9,0.0,1.0,0.0,0.0,2.0,0.0,2.0,1.0,0.0,0.0,1.0,1
불광역,9,0.0,1.0,0.0,0.0,2.0,0.0,2.0,1.0,0.0,0.0,1.0,1
사가정역,9,0.0,0.0,0.0,1.0,1.0,0.0,4.0,1.0,0.0,0.0,0.0,0
사가정역,9,0.0,0.0,0.0,1.0,1.0,0.0,4.0,1.0,0.0,0.0,0.0,0
사당역,9,0.0,0.0,0.0,0.0,9.0,2.0,14.0,0.0,2.0,0.0,1.0,8
사당역,9,0.0,0.0,0.0,0.0,9.0,2.0,14.0,0.0,2.0,0.0,1.0,8
삼각지역,9,0.0,0.0,0.0,1.0,1.0,0.0,0.0,1.0,0.0,0.0,0.0,0
삼각지역,9,0.0,0.0,0.0,1.0,1.0,0.0,0.0,1.0,0.0,0.0,0.0,0
상계역,9,0.0,0.0,0.0,0.0,0.0,0.0,7.0,0.0,0.0,0.0,0.0,0
상계역,9,0.0,0.0,0.0,0.0,0.0,0.0,7.0,0.0,0.0,0.0,0.0,0
상봉역,9,0.0,0.0,0.0,0.0,0.0,0.0,3.0,1.0,1.0,0.0,0.0,0
상봉역,9,0.0,0.0,0.0,0.0,0.0,0.0,3.0,1.0,1.0,0.0,0.0,0
상수역,9,0.0,0.0,1.0,0.0,0.0,0.0,0.0,1.0,1.0,0.0,1.0,2
상수역,9,0.0,0.0,1.0,0.0,0.0,0.0,0.0,1.0,1.0,0.0,1.0,2
상일동역,9,0.0,0.0,0.0,0.0,0.0,0.0,0.0,1.0,0.0,0.0,0.0,0
상일동역,9,0.0,0.0,0.0,0.0,0.0,0.0,0.0,1.0,0.0,0.0,0.0,0
새절역,9,0.0,0.0,0.0,0.0,0.0,0.0,2.0,1.0,0.0,0.0,0.0,0
새절역,9,0.0,0.0,0.0,0.0,0.0,0.0,2.0,1.0,0.0,0.0,0.0,0
서초역,9,0.0,0.0,0.0,0.0,3.0,1.0,2.0,1.0,0.0,0.0,0.0,0
서초역,9,0.0,0.0,0.0,0.0,3.0,1.0,2.0,1.0,0.0,0.0,0.0,0
석계역,9,0.0,0.0,0.0,0.0,1.0,0.0,1.0,1.0,0.0,0.0,0.0,0
석계역,9,0.0,0.0,0.0,0.0,1.0,0.0,1.0,1.0,0.0,0.0,0.0,0
선릉역,9,0.0,0.0,0.0,0.0,5.0,1.0,6.0,0.0,1.0,0.0,1.0,8
선릉역,9,0.0,0.0,0.0,0.0,5.0,1.0,6.0,0.0,1.0,0.0,1.0,8
성수역,9,0.0,0.0,0.0,0.0,3.0,0.0,1.0,0.0,1.0,0.0,1.0,0
성수역,9,0.0,0.0,0.0,0.0,3.0,0.0,1.0,0.0,1.0,0.0,1.0,0
송정역,9,0.0,0.0,0.0,0.0,1.0,0.0,3.0,1.0,0.0,0.0,0.0,0
송정역,9,0.0,0.0,0.0,0.0,1.0,0.0,3.0,1.0,0.0,0.0,0.0,0
수락산역,9,0.0,0.0,0.0,1.0,0.0,0.0,1.0,1.0,0.0,0.0,0.0,0
수락산역,9,0.0,0.0,0.0,1.0,0.0,0.0,1.0,1.0,0.0,0.0,0.0,0
숙대입구역,9,0.0,0.0,0.0,0.0,1.0,0.0,0.0,0.0,0.0,0.0,0.0,0
숙대입구역,9,0.0,0.0,0.0,0.0,1.0,0.0,0.0,0.0,0.0,0.0,0.0,0
신금호역,9,0.0,0.0,0.0,0.0,0.0,0.0,0.0,1.0,0.0,0.0,0.0,0
신금호역,9,0.0,0.0,0.0,0.0,0.0,0.0,0.0,1.0,0.0,0.0,0.0,0
신당역,9,0.0,1.0,0.0,0.0,1.0,0.0,1.0,1.0,1.0,0.0,0.0,1
신당역,9,0.0,1.0,0.0,0.0,1.0,0.0,1.0,1.0,1.0,0.0,0.0,1
신대방삼거리역,9,0.0,1.0,1.0,0.0,0.0,0.0,3.0,1.0,0.0,0.0,1.0,4
신대방삼거리역,9,0.0,1.0,1.0,0.0,0.0,0.0,3.0,1.0,0.0,0.0,1.0,4
신대방역,9,0.0,0.0,0.0,0.0,1.0,0.0,0.0,1.0,0.0,0.0,0.0,0
신대방역,9,0.0,0.0,0.0,0.0,1.0,0.0,0.0,1.0,0.0,0.0,0.0,0
신사역,9,0.0,0.0,0.0,0.0,4.0,1.0,6.0,0.0,1.0,0.0,0.0,0
신사역,9,0.0,0.0,0.0,0.0,4.0,1.0,6.0,0.0,1.0,0.0,0.0,0
신용산역,9,0.0,0.0,0.0,0.0,2.0,0.0,2.0,0.0,2.0,0.0,0.0,0
신용산역,9,0.0,0.0,0.0,0.0,2.0,0.0,2.0,0.0,2.0,0.0,0.0,0
신정역,9,0.0,0.0,0.0,0.0,0.0,0.0,0.0,1.0,0.0,0.0,0.0,0
신정역,9,0.0,0.0,0.0,0.0,0.0,0.0,0.0,1.0,0.0,0.0,0.0,0
신촌역,9,0.0,0.0,0.0,0.0,2.0,1.0,1.0,1.0,0.0,0.0,1.0,0
신촌역,9,0.0,0.0,0.0,0.0,2.0,1.0,1.0,1.0,0.0,0.0,1.0,0
신풍역,9,0.0,0.0,0.0,0.0,0.0,0.0,1.0,1.0,0.0,0.0,0.0,0
신풍역,9,0.0,0.0,0.0,0.0,0.0,0.0,1.0,1.0,0.0,0.0,0.0,0
안암역,9,0.0,0.0,0.0,0.0,1.0,0.0,0.0,1.0,0.0,0.0,1.0,0
안암역,9,0.0,0.0,0.0,0.0,1.0,0.0,0.0,1.0,0.0,0.0,1.0,0
양재역,9,0.0,0.0,0.0,0.0,1.0,0.0,4.0,1.0,0.0,0.0,0.0,0
양재역,9,0.0,0.0,0.0,0.0,1.0,0.0,4.0,1.0,0.0,0.0,0.0,0
어린이대공원역,9,0.0,0.0,0.0,0.0,0.0,0.0,0.0,1.0,0.0,0.0,0.0,0
어린이대공원역,9,0.0,0.0,0.0,0.0,0.0,0.0,0.0,1.0,0.0,0.0,0.0,0
여의도역,9,0.0,0.0,0.0,0.0,1.0,0.0,0.0,1.0,1.0,0.0,0.0,0
여의도역,9,0.0,0.0,0.0,0.0,1.0,0.0,0.0,1.0,1.0,0.0,0.0,0
역삼역,9,0.0,0.0,0.0,0.0,4.0,3.0,0.0,1.0,0.0,0.0,0.0,0
역삼역,9,0.0,0.0,0.0,0.0,4.0,3.0,0.0,1.0,0.0,0.0,0.0,0
역촌역,9,0.0,0.0,0.0,0.0,0.0,0.0,0.0,1.0,0.0,0.0,0.0,0
역촌역,9,0.0,0.0,0.0,0.0,0.0,0.0,0.0,1.0,0.0,0.0,0.0,0
연신내역,9,0.0,0.0,0.0,0.0,2.0,1.0,2.0,1.0,0.0,0.0,0.0,0
연신내역,9,0.0,0.0,0.0,0.0,2.0,1.0,2.0,1.0,0.0,0.0,0.0,0
영등포구청역,9,1.0,0.0,0.0,0.0,6.0,0.0,1.0,1.0,0.0,0.0,0.0,0
영등포구청역,9,1.0,0.0,0.0,0.0,6.0,0.0,1.0,1.0,0.0,0.0,0.0,0
오목교역,9,0.0,0.0,0.0,0.0,13.0,0.0,10.0,1.0,2.0,0.0,0.0,7
오목교역,9,0.0,0.0,0.0,0.0,13.0,0.0,10.0,1.0,2.0,0.0,0.0,7
온수역,9,0.0,0.0,0.0,1.0,1.0,0.0,1.0,1.0,0.0,0.0,0.0,0
온수역,9,0.0,0.0,0.0,1.0,1.0,0.0,1.0,1.0,0.0,0.0,0.0,0
왕십리역,9,1.0,0.0,0.0,1.0,3.0,0.0,9.0,1.0,1.0,0.0,1.0,3
왕십리역,9,1.0,0.0,0.0,1.0,3.0,0.0,9.0,1.0,1.0,0.0,1.0,3
용마산역,9,0.0,0.0,0.0,0.0,0.0,0.0,0.0,1.0,0.0,0.0,1.0,0
용마산역,9,0.0,0.0,0.0,0.0,0.0,0.0,0.0,1.0,0.0,0.0,1.0,0
우장산역,9,0.0,1.0,0.0,1.0,0.0,0.0,2.0,1.0,0.0,0.0,0.0,1
우장산역,9,0.0,1.0,0.0,1.0,0.0,0.0,2.0,1.0,0.0,0.0,0.0,1
월곡역,9,0.0,0.0,0.0,0.0,2.0,0.0,0.0,1.0,0.0,0.0,1.0,0
월곡역,9,0.0,0.0,0.0,0.0,2.0,0.0,0.0,1.0,0.0,0.0,1.0,0
을지로3가역,9,0.0,0.0,0.0,0.0,4.0,0.0,4.0,0.0,2.0,0.0,0.0,0
을지로3가역,9,0.0,0.0,0.0,0.0,4.0,0.0,4.0,0.0,2.0,0.0,0.0,0
을지로입구역,9,0.0,0.0,0.0,0.0,4.0,0.0,2.0,1.0,1.0,0.0,0.0,0
을지로입구역,9,0.0,0.0,0.0,0.0,4.0,0.0,2.0,1.0,1.0,0.0,0.0,0
이대역,9,0.0,0.0,0.0,0.0,1.0,0.0,2.0,0.0,1.0,0.0,0.0,0
이대역,9,0.0,0.0,0.0,0.0,1.0,0.0,2.0,0.0,1.0,0.0,0.0,0
이수역,9,0.0,0.0,0.0,1.0,1.0,0.0,4.0,1.0,1.0,0.0,0.0,0
이수역,9,0.0,0.0,0.0,1.0,1.0,0.0,4.0,1.0,1.0,0.0,0.0,0
잠실역,9,0.0,0.0,0.0,0.0,21.0,2.0,8.0,3.0,0.0,0.0,1.0,12
잠실역,9,0.0,0.0,0.0,0.0,21.0,2.0,8.0,3.0,0.0,0.0,1.0,12
장지역,9,0.0,0.0,0.0,0.0,1.0,0.0,0.0,1.0,1.0,0.0,0.0,0
장지역,9,0.0,0.0,0.0,0.0,1.0,0.0,0.0,1.0,1.0,0.0,0.0,0
종각역,9,0.0,0.0,0.0,0.0,1.0,1.0,1.0,1.0,2.0,0.0,0.0,0
종각역,9,0.0,0.0,0.0,0.0,1.0,1.0,1.0,1.0,2.0,0.0,0.0,0
종로3가역,9,0.0,0.0,0.0,0.0,2.0,2.0,2.0,1.0,1.0,0.0,0.0,0
종로3가역,9,0.0,0.0,0.0,0.0,2.0,2.0,2.0,1.0,1.0,0.0,0.0,0
중화역,9,0.0,1.0,0.0,0.0,2.0,0.0,7.0,1.0,0.0,0.0,0.0,1
중화역,9,0.0,1.0,0.0,0.0,2.0,0.0,7.0,1.0,0.0,0.0,0.0,1
증산역,9,0.0,0.0,0.0,0.0,0.0,0.0,1.0,1.0,0.0,0.0,1.0,0
증산역,9,0.0,0.0,0.0,0.0,0.0,0.0,1.0,1.0,0.0,0.0,1.0,0
청담역,9,0.0,0.0,0.0,0.0,1.0,0.0,2.0,1.0,1.0,0.0,2.0,0
청담역,9,0.0,0.0,0.0,0.0,1.0,0.0,2.0,1.0,1.0,0.0,2.0,0
총신대입구역,9,0.0,1.0,0.0,1.0,4.0,0.0,5.0,0.0,0.0,0.0,1.0,1
총신대입구역,9,0.0,1.0,0.0,1.0,4.0,0.0,5.0,0.0,0.0,0.0,1.0,1
충무로역,9,0.0,0.0,0.0,1.0,1.0,0.0,0.0,2.0,1.0,0.0,1.0,0
충무로역,9,0.0,0.0,0.0,1.0,1.0,0.0,0.0,2.0,1.0,0.0,1.0,0
충정로역,9,0.0,1.0,0.0,1.0,1.0,0.0,2.0,1.0,0.0,0.0,1.0,1
충정로역,9,0.0,1.0,0.0,1.0,1.0,0.0,2.0,1.0,0.0,0.0,1.0,1
태릉입구역,9,0.0,1.0,0.0,0.0,1.0,0.0,7.0,1.0,1.0,0.0,1.0,1
태릉입구역,9,0.0,1.0,0.0,0.0,1.0,0.0,7.0,1.0,1.0,0.0,1.0,1
학동역,9,0.0,0.0,0.0,0.0,3.0,2.0,2.0,1.0,1.0,0.0,0.0,0
학동역,9,0.0,0.0,0.0,0.0,3.0,2.0,2.0,1.0,1.0,0.0,0.0,0
한강진역,9,0.0,0.0,0.0,0.0,1.0,0.0,0.0,1.0,0.0,0.0,1.0,0
한강진역,9,0.0,0.0,0.0,0.0,1.0,0.0,0.0,1.0,0.0,0.0,1.0,0
합정역,9,0.0,1.0,0.0,0.0,6.0,4.0,9.0,2.0,3.0,0.0,2.0,10
합정역,9,0.0,1.0,0.0,0.0,6.0,4.0,9.0,2.0,3.0,0.0,2.0,10
행당역,9,0.0,0.0,0.0,0.0,0.0,0.0,1.0,1.0,0.0,0.0,0.0,0
행당역,9,0.0,0.0,0.0,0.0,0.0,0.0,1.0,1.0,0.0,0.0,0.0,0
홍제역,9,0.0,0.0,0.0,0.0,1.0,0.0,0.0,0.0,0.0,0.0,0.0,0
홍제역,9,0.0,0.0,0.0,0.0,1.0,0.0,0.0,0.0,0.0,0.0,0.0,0
회현역,9,0.0,0.0,0.0,0.0,0.0,0.0,2.0,0.0,0.0,0.0,0.0,0
회현역,9,0.0,0.0,0.0,0.0,0.0,0.0,2.0,0.0,0.0,0.0,0.0,0
효창공원앞역,9,0.0,0.0,0.0,0.0,0.0,0.0,1.0,1.0,0.0,0.0,1.0,0
효창공원앞역,9,0.0,0.0,0.0,0.0,0.0,0.0,1.0,1.0,0.0,0.0,1.0,0
